term	meaning	reading
間	사이, 동안	あいだ
会う	만나다	あう
青い	파랗다, (과일이나 신호등이) 초록색이다, (얼굴이) 창백하다	あおい
赤い	빨갛다	あかい
明るい	밝다	あかるい
秋	가을	あき
開く	열리다, 구멍이 나다	あく
開ける	열다	あける
あげる	주다	あげる
上げる	올리다	あげる
朝	아침	あさ
朝ご飯	아침 식사	あさごはん
明後日	모레	あさって
足	발, 교통수단	あし
明日	내일	あした
あそこ	저기, (완곡하게) 성기	あそこ
遊ぶ	놀다	あそぶ
温かい	따뜻하다	あたたかい
頭	머리	あたま
新しい	새롭다	あたらしい
あちら	저쪽	あちら
厚い	두껍다	あつい
暑い	덥다	あつい
熱い	뜨겁다	あつい
後	뒤, 나중, 나머지	あと
あなた	당신	あなた
兄	오빠	あに
姉	누나	あね
あの	저	あの
浴びる	(샤워를) 하다	あびる
危ない	위험하다	あぶない
甘い	달다, 관대하다, 안이하다	あまい
あまり	(부정 표현과 함께) 그다지, 나머지, 너무	あまり
雨	비	あめ
洗う	씻다	あらう
ありがとうございます	감사합니다	ありがとうございます
ある	있다	ある
歩く	걷다	あるく
あんな	저런	あんな
案内	안내	あんない
いい	좋다	いい
いいえ	아니요	いいえ
いい天気	날씨가 좋다	いいてんき
言う	말하다, (이름을) 부르다	いう
家	집	いえ
家を出る	집을 나서다, 집을 떠나다	いえをでる
以下	이하	いか
行く	가다, 잘되다	いく
いくつ	몇	いくつ
いくら	얼마, 아무리	いくら
池	연못	いけ
医者	의사	いしゃ
以上	이상	いじょう
椅子	의자	いす
忙しい	바쁘다	いそがしい
痛い	아프다	いたい
いただきます	잘 먹겠습니다	いただきます
いちご	딸기	いちご
一番	제일	いちばん
一緒に	같이	いっしょに
行ってらっしゃい	다녀오세요	いってらっしゃい
いつ	언제	いつ
いつか	언젠가	いつか
いつも	항상, 평소	いつも
犬	개	いぬ
今	지금	いま
意味	의미	いみ
妹	여동생	いもうと
妹さん	(남의) 여동생	いもうとさん
嫌	싫다	いや
いらっしゃいませ	어서 오세요	いらっしゃいませ
入り口	입구	いりぐち
いる	(사람이나 동물이) 있다	いる
入れる	넣다, 켜다	いれる
色	색	いろ
色々	여러 가지	いろいろ
上	위	うえ
後ろ	뒤	うしろ
薄い	얇다, 옅다, 희박하다	うすい
歌	노래	うた
歌う	노래를 부르다	うたう
うち	집	うち
美しい	아름답다	うつくしい
生まれる	태어나다	うまれる
海	바다	うみ
売る	팔다	うる
うるさい	시끄럽다, 성가시다, 까다롭다	うるさい
嬉しい	기쁘다	うれしい
上着	겉옷, 상의	うわぎ
運動	운동	うんどう
運動場	운동장	うんどうじょう
絵	그림	え
英会話	영어 회화	えいかいわ
映画	영화	えいが
映画館	영화관	えいがかん
英語	영어	えいご
駅	역	えき
選ぶ	고르다	えらぶ
円	엔, 원	えん
鉛筆	연필	えんぴつ
美味しい	맛있다	おいしい
多い	많다	おおい
大きい	크다	おおきい
大きな	크다	おおきな
お母さん	어머니	おかあさん
お帰りなさい	어서 와요	おかえりなさい
お菓子	과자	おかし
お金	돈	おかね
お客さん	손님	おきゃくさん
起きる	일어나다	おきる
置く	놓다	おく
奥さん	부인	おくさん
お国	(남의) 고향	おくに
送る	보내다, 바래다주다	おくる
遅れる	늦다, 뒤처지다	おくれる
お元気ですか	잘 지내세요?	おげんきですか
お先に	먼저	おさきに
お酒	술	おさけ
お皿	접시	おさら
教える	가르치다, 알려주다	おしえる
おじいさん	할아버지	おじいさん
おじさん	삼촌, 아저씨	おじさん
遅い	느리다, 늦다	おそい
お茶	차, 다도	おちゃ
お手洗い	화장실	おてあらい
お父さん	아버지	おとうさん
弟	남동생	おとうと
弟さん	(남의) 남동생	おとうとさん
男	남자	おとこ
男の子	남자아이	おとこのこ
男の人	남자	おとこのひと
大人	어른	おとな
お腹	배	おなか
お腹が空く	배가 고프다	おなかがすく
お兄さん	형	おにいさん
おにぎり	주먹밥	おにぎり
お姉さん	누나	おねえさん
お願いします	정중히 부탁하다	おねがいします
おはようございます	좋은 아침입니다	おはようございます
おばあさん	할머니	おばあさん
おばさん	(부모와 같은 항렬의 친척인) 아주머니, (친척이 아닌 여성을 부르는) 아주머니	おばさん
お昼	점심, 낮	おひる
お風呂	목욕탕	おふろ
お弁当	도시락	おべんとう
覚える	기억하다, 익히다, 느끼다	おぼえる
お巡りさん	경찰관	おまわりさん
お水	물	おみず
おめでとうございます	축하합니다	おめでとうございます
重い	무겁다	おもい
思う	생각하다	おもう
面白い	재미있다	おもしろい
おもちゃ	장난감	おもちゃ
おやすみなさい	안녕히 주무세요	おやすみなさい
泳ぐ	헤엄치다	およぐ
下りる	내려가다, (탈것에서) 내리다	おりる
降りる	내리다, 물러나다	おりる
終わる	끝나다	おわる
音楽	음악	おんがく
女	여자	おんな
女の子	여자아이	おんなのこ
女の人	여자	おんなのひと
～回	회	かい
海外	해외	かいがい
会議	회의	かいぎ
会社	회사	かいしゃ
会場	행사장	かいじょう
階段	계단	かいだん
買い物	쇼핑	かいもの
買う	사다, (능력 등을) 높이 평가하다, (분노나 반감 등을) 사다	かう
返す	돌려주다, 갚다	かえす
変える	바꾸다	かえる
帰る	돌아가다	かえる
顔	얼굴	かお
書く	쓰다	かく
かける	걸다, (안경을) 쓰다, (시간이나 돈을) 들이다	かける
傘	우산	かさ
歌手	가수	かしゅ
貸す	빌려주다	かす
風	바람	かぜ
風邪	감기	かぜ
家族	가족	かぞく
家庭	가정	かてい
角	모퉁이	かど
悲しい	슬프다	かなしい
金	돈	かね
彼女	그녀, 여자 친구	かのじょ
かばん	가방	かばん
花瓶	꽃병	かびん
かぶる	(모자를) 쓰다, 뒤집어쓰다	かぶる
紙	종이	かみ
辛い	맵다	からい
体	몸	からだ
借りる	빌리다	かりる
軽い	가볍다	かるい
彼	그, 남자 친구	かれ
彼ら	그들	かれら
川	하천	かわ
変わる	바뀌다, 다르다, 특이하다	かわる
～巻	권	かん
考える	생각하다	かんがえる
韓国	한국	かんこく
感謝	감사	かんしゃ
漢字	한자	かんじ
簡単	간단하다	かんたん
外国	외국	がいこく
外国語	외국어	がいこくご
外国人	외국인	がいこくじん
学生	학생	がくせい
学校	학교	がっこう
頑張る	노력하다	がんばる
木	나무	き
黄色い	노랗다	きいろい
消える	사라지다, 꺼지다	きえる
期間	기간	きかん
聞く	듣다, 묻다	きく
北	북쪽	きた
北側	북쪽	きたがわ
北口	북쪽 출입구	きたぐち
汚い	더럽다, 지저분하다	きたない
喫茶店	카페	きっさてん
切手	우표	きって
昨日	어제	きのう
決まる	정해지다, (슛이나 기술이) 성공하다	きまる
決める	정하다, (슛이나 동작을) 성공시키다	きめる
着物	기모노, 옷	きもの
客	손님	きゃく
今日	오늘	きょう
教育	교육	きょういく
教室	교실	きょうしつ
兄弟	형제자매	きょうだい
去年	작년	きょねん
切る	자르다, (전원을) 끄다	きる
着る	(옷을) 입다	きる
綺麗	예쁘다, 깨끗하다	きれい
牛肉	소고기	ぎゅうにく
牛乳	우유	ぎゅうにゅう
銀行	은행	ぎんこう
薬	약	くすり
薬を飲む	약을 먹다	くすりをのむ
果物	과일	くだもの
口	입	くち
靴	신발	くつ
靴下	양말	くつした
国	나라, 고향	くに
曇る	흐리다	くもる
暗い	어둡다	くらい
来る	오다	くる
車	자동차	くるま
くれる	(나나 내 편에게) 주다	くれる
黒い	검다	くろい
今朝	오늘 아침	けさ
消しゴム	지우개	けしゴム
消す	끄다, 지우다	けす
結構	괜찮다, 제법, 훌륭하다	けっこう
結婚	결혼	けっこん
子	아이, 새끼	こ
公園	공원	こうえん
高校	고등학교	こうこう
交差点	교차로	こうさてん
交番	파출소	こうばん
声	목소리	こえ
声をかける	말을 걸다	こえをかける
ここ	여기, 최근, 앞으로	ここ
答える	대답하다	こたえる
こちら	이쪽	こちら
こちらこそ	저야말로	こちらこそ
今年	올해	ことし
子供	아이	こども
この	이	この
困る	곤란하다	こまる
これ	이것, 이 사람, 지금	これ
今回	이번	こんかい
今月	이번 달	こんげつ
今週	이번 주	こんしゅう
今度	이번, 다음번, 지난번	こんど
こんな	이런	こんな
こんにちは	안녕하세요	こんにちは
今晩	오늘 밤	こんばん
こんばんは	안녕하세요	こんばんは
午後	오후	ごご
午前	오전	ごぜん
午前中	오전 중	ごぜんちゅう
ごちそうさま	잘 먹었습니다	ごちそうさま
ごちそうさまでした	잘 먹었습니다	ごちそうさまでした
ご飯	밥	ごはん
ごめんなさい	미안합니다	ごめんなさい
財布	지갑	さいふ
魚	물고기	さかな
先	앞, 이전, 끝부분	さき
咲く	(꽃이) 피다	さく
作文	작문	さくぶん
寒い	춥다	さむい
さようなら	작별 인사	さようなら
皿	접시	さら
散歩	산책	さんぽ
雑誌	잡지	ざっし
試合	시합	しあい
しかし	그러나	しかし
仕事	일	しごと
静か	조용하다	しずか
下	아래	した
したい	하고 싶다	したい
質問	질문	しつもん
失礼	실례다, 실례합니다	しつれい
失礼します	실례합니다	しつれいします
死ぬ	죽다	しぬ
閉まる	닫히다	しまる
写真	사진	しゃしん
週末	주말	しゅうまつ
宿題	숙제	しゅくだい
紹介	소개	しょうかい
小学生	초등학생	しょうがくせい
小学校	초등학교	しょうがっこう
小説	소설	しょうせつ
食事	식사	しょくじ
食堂	식당	しょくどう
調べる	조사하다	しらべる
知る	알다	しる
白い	하얗다	しろい
信号	신호, 신호등	しんごう
新聞	신문	しんぶん
字	글자, 글씨	じ
時間	시간	じかん
辞書	사전	じしょ
辞書を引く	사전을 찾다	じしょをひく
自転車	자전거	じてんしゃ
自動車	자동차	じどうしゃ
字引	사전	じびき
自分	자신, 나	じぶん
住所	주소	じゅうしょ
授業	수업	じゅぎょう
ジュース	주스	じゅーす
上手	잘하다	じょうず
丈夫	튼튼하다	じょうぶ
水泳	수영	すいえい
好き	좋아하다	すき
少ない	적다	すくない
すぐ	곧, 쉽게, 바로 가까이에	すぐ
すぐに	바로	すぐに
少し	조금	すこし
すごい	대단하다	すごい
進む	나아가다, 진행되다, (시계가) 빠르다	すすむ
涼しい	선선하다	すずしい
スペイン	스페인	すぺいん
すみません	죄송합니다, 감사합니다	すみません
住む	살다	すむ
する	하다, (냄새나 소리가) 나다, ~로 하다(Nにする)	する
座る	앉다	すわる
ずっと	쭉, 훨씬	ずっと
背	등, 키	せ
生徒	(주로 초중고의) 학생	せいと
背が高い	키가 크다	せがたかい
席	자리	せき
石鹸	비누	せっけん
説明	설명	せつめい
背広	신사복	せびろ
先月	지난달	せんげつ
選手	선수	せんしゅ
先週	지난주	せんしゅう
先日	며칠 전	せんじつ
先生	선생님	せんせい
全部	전부	ぜんぶ
そこ	거기, 바닥	そこ
そして	그리고	そして
そちら	그쪽	そちら
卒業	졸업	そつぎょう
外	밖	そと
その	그, 제	その
そば	소바	そば
祖父	할아버지	そふ
祖母	할머니	そぼ
空	하늘	そら
それ	그것, 그때	それ
それから	그리고 나서	それから
それでは	그럼	それでは
そろそろ	슬슬	そろそろ
そんな	그런, 말도 안 돼	そんな
大使館	대사관	たいしかん
大切	중요하다, 소중하다	たいせつ
大変	매우, 힘들다, 큰일이다	たいへん
高い	높다, 비싸다	たかい
たくさん	많이, 충분하다	たくさん
ただいま	지금, 다녀왔습니다	ただいま
正しい	옳다	ただしい
立つ	서다	たつ
楽しい	즐겁다	たのしい
楽しむ	즐기다	たのしむ
頼む	부탁하다, 주문하다	たのむ
たばこ	담배	たばこ
食べ物	음식	たべもの
食べる	먹다	たべる
卵	알, 지망생	たまご
誕生日	생일	たんじょうび
大学	대학	だいがく
大丈夫	괜찮다	だいじょうぶ
大好き	매우 좋아하다	だいすき
出す	꺼내다, 내다, (편지를) 보내다	だす
誰	누구	だれ
だんだん	점점	だんだん
小さい	작다, 어리다	ちいさい
近い	가깝다	ちかい
近く	근처	ちかく
地下鉄	지하철	ちかてつ
違う	다르다, 틀리다	ちがう
父	아버지	ちち
茶碗	밥공기	ちゃわん
注意	주의	ちゅうい
中国	중국	ちゅうごく
ちょうど	정확히	ちょうど
ちょっと	조금, 저기요	ちょっと
使う	쓰다	つかう
疲れる	지치다	つかれる
次	다음	つぎ
付く	붙다, (불이나 전원이) 켜지다	つく
着く	도착하다	つく
机	책상	つくえ
作り方	만드는 법	つくりかた
作る	만들다	つくる
つける	붙이다, (전등을) 켜다, (장신구를) 하다	つける
伝える	전하다	つたえる
勤める	근무하다	つとめる
つまらない	시시하다	つまらない
冷たい	차갑다	つめたい
強い	강하다	つよい
手	손, 수단	て
手紙	편지	てがみ
手伝う	돕다	てつだう
天気	날씨	てんき
店長	점장	てんちょう
出かける	외출하다	でかける
できる	할 수 있다, 생기다, 완성되다	できる
出口	출구	でぐち
でも	하지만	でも
出る	나가다, (불이나 증상 등이) 나다	でる
電気	전기, 불	でんき
電車	전철	でんしゃ
電話	전화	でんわ
電話番号	전화번호	でんわばんごう
遠い	멀다	とおい
時	때	とき
時々	가끔	ときどき
時計	시계	とけい
所	곳, (사람이나 사물의) 점	ところ
年	해, 나이	とし
図書館	도서관	としょかん
とても	매우, (부정문에서) 도저히	とても
隣	옆, 이웃	となり
飛ぶ	날다	とぶ
泊まる	묵다	とまる
鳥	새, 닭고기	とり
鶏肉	닭고기	とりにく
取る	잡다, 얻다, 없애다	とる
とんかつ	돈가스	とんかつ
どう	어떻게	どう
どういたしまして	천만에요	どういたしまして
どうして	왜, 어떻게	どうして
どうぞ、よろしく	잘 부탁합니다	どうぞ、よろしく
どうぞよろしく	잘 부탁합니다, (다른 사람에게) 안부 전해 주세요	どうぞよろしく
動物	동물	どうぶつ
動物園	동물원	どうぶつえん
どうも	고마워, 정말로, 아무래도	どうも
どこ	어디	どこ
どちら	어느 쪽, 어느 분	どちら
どなた	어느 분	どなた
どの	어느	どの
どれ	어느 것	どれ
ナイフ	칼	ないふ
内容	내용	ないよう
中	안, 가운데, 중	なか
なかなか	상당히, (부정문에서) 좀처럼	なかなか
長い	길다	ながい
鳴く	(동물이) 울다	なく
無くす	잃어버리다, 없애다	なくす
なぜ	왜	なぜ
夏	여름	なつ
夏休み	여름 방학	なつやすみ
何か	뭔가, 뭐?	なにか
名前	이름	なまえ
習う	배우다	ならう
並ぶ	줄을 서다, 필적하다	ならぶ
並べる	늘어놓다	ならべる
なる	되다, ~로 이루어지다〔～からなる〕	なる
何	무엇, 몇	なん
賑やか	활기차다	にぎやか
肉	고기	にく
西	서쪽	にし
西側	서쪽	にしがわ
西口	서쪽 출구	にしぐち
日本	일본	にほん
日本語	일본어	にほんご
日本人	일본인	にほんじん
荷物	짐	にもつ
庭	정원	にわ
脱ぐ	벗다	ぬぐ
願う	바라다, 부탁하다	ねがう
猫	고양이	ねこ
寝る	자다, 눕다	ねる
年末	연말	ねんまつ
登る	(산을) 오르다	のぼる
飲み物	음료	のみもの
飲む	마시다, (요구나 조건을) 받아들이다	のむ
乗る	교통수단이나 물건 위에 타다, 신문 등에 실리다	のる
歯	이, 톱니	は
はい	네, 자	はい
灰皿	재떨이	はいざら
入る	들어가다, 들어 있다, 켜지다	はいる
葉書	엽서	はがき
履く	(하의를) 입다	はく
博物館	박물관	はくぶつかん
箱	상자	はこ
橋	다리	はし
走る	달리다	はしる
始まる	시작되다	はじまる
初めて	처음	はじめて
はじめまして	처음 뵙겠습니다	はじめまして
始める	시작하다	はじめる
二十歳	스무 살	はたち
働く	일하다, 작용하다	はたらく
花	꽃	はな
話	이야기	はなし
話す	말하다	はなす
花火	불꽃놀이	はなび
花見	꽃구경	はなみ
母	(자신의) 어머니	はは
速い	빠르다	はやい
早く	일찍, 빨리	はやく
払う	지불하다, 털어 내다, (주의나 노력을) 기울이다	はらう
春	봄	はる
晴れる	(하늘이) 개다	はれる
半	반	はん
半年	반년	はんとし
半分	절반	はんぶん
場所	장소	ばしょ
バナナ	바나나	ばなな
番号	번호	ばんごう
晩ご飯	저녁 식사	ばんごはん
パスポート	여권	ぱすぽーと
日	날, 해	ひ
東	동쪽	ひがし
東側	동쪽	ひがしがわ
東口	동쪽 출구	ひがしぐち
低い	낮다	ひくい
飛行機	비행기	ひこうき
左	왼쪽	ひだり
左側	왼쪽	ひだりがわ
人	사람, 남	ひと
一人	한 명, 혼자	ひとり
百	백	ひゃく
ひらがな	히라가나	ひらがな
開く	열다, (꽃이) 피다	ひらく
昼	낮, 점심	ひる
昼ご飯	점심	ひるごはん
広い	넓다	ひろい
美術館	미술관	びじゅつかん
病院	병원	びょういん
病気	병	びょうき
封筒	봉투	ふうとう
吹く	불다	ふく
服	옷	ふく
二人	두 명	ふたり
太い	굵다	ふとい
冬	겨울	ふゆ
冬休み	겨울 방학	ふゆやすみ
降る	(비나 눈 등이) 내리다	ふる
古い	오래되다	ふるい
豚肉	돼지고기	ぶたにく
文	문장, 글	ぶん
文化	문화	ぶんか
文章	글, 문장	ぶんしょう
下手	서투르다	へた
部屋	방	へや
辺	근처	へん
勉強	공부	べんきょう
ペット	반려동물	ぺっと
他	그 밖	ほか
欲しい	갖고 싶다, (누가 하기를) 바라다	ほしい
本	책	ほん
本棚	책장	ほんだな
本当	진짜다	ほんとう
本屋	서점	ほんや
僕	나, 너	ぼく
～枚	(얇고 납작한 물건을 세는 단위) 장	まい
毎朝	매일 아침	まいあさ
毎週	매주	まいしゅう
毎月	매월	まいつき
毎年	매년	まいとし
毎日	매일	まいにち
毎晩	매일 밤	まいばん
前	앞, 전	まえ
曲がる	구부러지다, (길이나 모퉁이에서) 돌다	まがる
まず	우선, 아마	まず
まずい	맛없다, 서투르다, 상황이 좋지 않다	まずい
また	또	また
または	또는	または
まだ	아직, 더, 그나마	まだ
町	도시, 거리	まち
まっすぐ	곧장	まっすぐ
待つ	기다리다	まつ
窓	창문	まど
みかん	귤	みかん
右	오른쪽	みぎ
右側	오른쪽	みぎがわ
短い	짧다	みじかい
水	물	みず
店	가게	みせ
見せる	보여 주다, 보이게 하다	みせる
道	길	みち
緑	초록	みどり
皆さん	여러분	みなさん
南	남쪽	みなみ
南側	남쪽	みなみがわ
南口	남쪽 출구	みなみぐち
耳	귀, (빵의) 가장자리	みみ
見られる	볼 수 있다	みられる
見る	보다	みる
みんな	모두	みんな
昔	옛날	むかし
難しい	어렵다	むずかしい
村	마을	むら
目	눈	め
目が悪い	눈이 나쁘다	めがわるい
もう	이미, 더, 아 정말	もう
もう一度	다시 한 번	もういちど
もしもし	여보세요	もしもし
もっと	더	もっと
持つ	들다, 가지다, 오래가다	もつ
物	것	もの
もらう	받다	もらう
問題	문제	もんだい
八百屋	채소가게	やおや
約束	약속	やくそく
野菜	채소	やさい
優しい	상냥하다	やさしい
易しい	쉽다	やさしい
安い	(값이) 싸다	やすい
休み	휴식, 휴일	やすみ
休む	쉬다, 자다	やすむ
山	산	やま
やる	(일이나 활동 등을) 하다, (아랫사람이나 동식물에게) 주다	やる
夕方	저녁때	ゆうがた
ゆうべ	어젯밤	ゆうべ
夕べ	어젯밤, 저녁때	ゆうべ
有名	유명하다	ゆうめい
ゆっくり	천천히, 푹	ゆっくり
曜日	요일	ようび
洋服	서양식 옷	ようふく
よく	잘, 자주	よく
汚れる	더러워지다	よごれる
予定	예정	よてい
呼ぶ	부르다	よぶ
読む	읽다	よむ
予約	예약	よやく
夜	밤	よる
よろしく	잘 부탁하다	よろしく
よろしくお願いします	잘 부탁드립니다	よろしくおねがいします
弱い	약하다	よわい
来月	다음 달	らいげつ
来週	다음 주	らいしゅう
来年	내년	らいねん
ラーメン	라멘	らーめん
留学生	유학생	りゅうがくせい
両親	부모	りょうしん
料理	요리	りょうり
旅行	여행	りょこう
旅行会社	여행사	りょこうがいしゃ
利用	이용하다	りよう
りんご	사과	りんご
冷蔵庫	냉장고	れいぞうこ
練習	연습	れんしゅう
連絡	연락, 연결	れんらく
廊下	복도	ろうか
ワイシャツ	와이셔츠	わいしゃつ
分かる	알다	わかる
別れる	헤어지다	わかれる
忘れる	잊다, (물건을) 두고 오다	わすれる
渡す	건네다	わたす
渡る	건너다	わたる
アニメ	애니메이션	アニメ
アパート	아파트	アパート
アメリカ	미국	アメリカ
アルバイト	아르바이트	アルバイト
エアコン	에어컨	エアコン
エレベーター	엘리베이터	エレベーター
カップ	컵	カップ
カメラ	카메라	カメラ
カレンダー	달력	カレンダー
カレー	카레	カレー
キロ	킬로그램, 킬로미터	キロ
ギター	기타	ギター
クッキー	쿠키	クッキー
クラス	반, 수업	クラス
グラス	유리잔	グラス
グラム	그램	グラム
ケーキ	케이크	ケーキ
コップ	컵	コップ
コピー	복사	コピー
コンサート	콘서트	コンサート
コート	코트	コート
コーヒー	커피	コーヒー
ゴルフ	골프	ゴルフ
サイズ	사이즈	サイズ
サッカー	축구	サッカー
サンドイッチ	샌드위치	サンドイッチ
サークル	동아리	サークル
シャツ	셔츠	シャツ
シャワー	샤워	シャワー
ショッピング	쇼핑	ショッピング
スカート	치마	スカート
スキー	스키	スキー
ステーキ	스테이크	ステーキ
ストーブ	난로	ストーブ
スパゲッティ	스파게티	スパゲッティ
スポーツ	스포츠	スポーツ
スリッパ	슬리퍼	スリッパ
スーパー	슈퍼마켓	スーパー
ズボン	바지	ズボン
セット	세트, 세팅하다	セット
センター	센터	センター
セーター	스웨터	セーター
タイ	태국	タイ
タクシー	택시	タクシー
ダンス	댄스	ダンス
チケット	티켓	チケット
チョコレート	초콜릿	チョコレート
チーズ	치즈	チーズ
ティッシュペーパー	티슈 페이퍼	ティッシュペーパー
テキスト	텍스트, 교재	テキスト
テスト	테스트	テスト
テストを受ける	시험을 보다	テストをうける
テニス	테니스	テニス
テレビ	텔레비전	テレビ
テーブル	테이블	テーブル
テープ	테이프	テープ
デパート	백화점	デパート
トイレ	화장실	トイレ
ドア	문	ドア
ドイツ	독일	ドイツ
ドラマ	드라마	ドラマ
ドル	달러	ドル
ニュース	뉴스	ニュース
ネクタイ	넥타이	ネクタイ
ノート	공책, 필기, 노트북	ノート
ハンカチ	손수건	ハンカチ
バイオリン	바이올린	バイオリン
バス	버스	バス
バスケットボール	농구	バスケットボール
バドミントン	배드민턴	バドミントン
パソコン	컴퓨터	パソコン
パン	빵	パン
パーティー	파티	パーティー
ビル	빌딩	ビル
ピアノ	피아노	ピアノ
ピクニック	피크닉	ピクニック
プレゼント	선물	プレゼント
プール	수영장	プール
ベッド	침대	ベッド
ベトナム	베트남	ベトナム
ペン	펜	ペン
ページ	페이지	ページ
ホテル	호텔	ホテル
ボールペン	볼펜	ボールペン
ポケット	주머니	ポケット
メニュー	메뉴	メニュー
メモ	메모	メモ
メートル	미터	メートル
メール	이메일	メール
ヨーロッパ	유럽	ヨーロッパ
ラジオ	라디오	ラジオ
ランチ	점심	ランチ
リボン	리본	リボン
レストラン	레스토랑	レストラン
ワンピース	원피스	ワンピース
～か月	개월	～かげつ
～間	~간	～かん
～月	~월	～がつ
～時	~시	～じ
～時間	~시간	～じかん
～年生	~학년	～ねんせい
～分	~분	～ふん
Eメール	이메일	Eメール
合う	맞다, 서로 ~하다	あう
青	파랑	あお
赤	빨강	あか
赤ちゃん	아기	あかちゃん
赤ん坊	갓난아기	あかんぼう
顎	턱	あご
浅い	얕다	あさい
足音	발소리	あしおと
味	맛	あじ
汗をかく	땀을 흘리다	あせをかく
遊び	놀이, 여유	あそび
暖かい	따뜻하다	あたたかい
暑さ	더위	あつさ
集まる	모이다	あつまる
集める	모으다	あつめる
飴	사탕, 엿	あめ
謝る	사과하다	あやまる
暗記	암기	あんき
安心	안심	あんしん
安全	안전	あんぜん
いかが	어떻다	いかが
以外	이외	いがい
医学	의학	いがく
生き方	삶의 방식	いきかた
いきなり	갑자기	いきなり
生きる	살다	いきる
意見	의견	いけん
石	돌	いし
急ぐ	서두르다	いそぐ
いたす	(겸양어로) 하다	いたす
いただく	(겸양어로) 받다, (겸양어로) 먹다	いただく
痛む	아프다	いたむ
一日中	하루 종일	いちにちじゅう
一緒	함께, 같다	いっしょ
一体	도대체, 한 몸	いったい
行ってまいります	다녀오겠습니다	いってまいります
いっぱい	가득, 많이	いっぱい
一方	한쪽, 한편	いっぽう
糸	실	いと
移動	이동	いどう
以内	이내	いない
田舎	시골, 고향	いなか
命	생명	いのち
要る	필요하다	いる
色紙	색종이	いろがみ
印刷	인쇄	いんさつ
飲酒	음주	いんしゅ
植える	심다	うえる
動き出す	움직이기 시작하다	うごきだす
動く	움직이다, 작동하다	うごく
嘘	거짓말	うそ
内	안, 중에서, 집	うち
打つ	치다, (못을) 박다, (주사를) 놓다	うつ
写す	베끼다, (사진을) 찍다	うつす
腕	팔, 솜씨	うで
うまい	맛있다, 능숙하다, (거래나 제안이) 좋다	うまい
売り場	매장	うりば
売れる	팔리다, 인기를 얻다	うれる
運	운	うん
運転	(차를) 운전하다, (기계를) 가동하다	うんてん
運転手	운전사	うんてんしゅ
運動会	운동회	うんどうかい
営業	영업	えいぎょう
英文学	영문학	えいぶんがく
駅員	역무원	えきいん
枝	가지	えだ
絵本	그림책	えほん
絵を描く	그림을 그리다	えをかく
遠慮	사양하다	えんりょ
おいでになる	계시다, 오시다, 가시다	おいでになる
お祝い	축하, 축하 선물	おいわい
横断歩道	횡단보도	おうだんほどう
終える	끝내다	おえる
大雨	폭우	おおあめ
大きさ	크기	おおきさ
大勢	많은 사람	おおぜい
大雪	폭설	おおゆき
おかげ	덕분	おかげ
おかげさまで	덕분에	おかげさまで
奥様	부인	おくさま
屋上	옥상	おくじょう
贈り物	선물	おくりもの
お子さん	자녀분	おこさん
起こす	일으키다, 깨우다, 글로 옮기다	おこす
行う	행하다	おこなう
怒る	화내다, 꾸짖다	おこる
押し入れ	벽장	おしいれ
お正月	새해, 1월	おしょうがつ
お知らせ	알림	おしらせ
お嬢さん	따님, 아가씨	おじょうさん
押す	누르다, (도장을) 찍다	おす
お世話になる	신세를 지다	おせわになる
教わる	배우다	おそわる
お宅	댁, 남편분, 귀사	おたく
お大事に	몸조리 잘하세요	おだいじに
おっしゃる	말씀하시다	おっしゃる
お釣り	거스름돈	おつり
お出かけ	외출	おでかけ
音	소리	おと
落とし物	분실물	おとしもの
お年寄り	노인	おとしより
落とす	떨어뜨리다, 제거하다	おとす
一昨日	그저께	おととい
一昨年	재작년	おととし
踊る	춤추다	おどる
驚く	놀라다	おどろく
同じ	같다	おなじ
お風呂に入る	목욕하다	おふろにはいる
お待たせしました	기다리게 해서 죄송합니다	おまたせしました
お祭り	축제	おまつり
お見合い	맞선	おみあい
お見舞い	병문안	おみまい
お土産	(여행이나 방문 때 가져가는) 선물	おみやげ
思い出す	생각나다	おもいだす
思い出	추억	おもいで
おや	어라	おや
親指	엄지손가락	おやゆび
お湯	따뜻한 물	おゆ
泳ぎ	수영	およぎ
お礼	감사 인사, 답례	おれい
お礼を言う	감사 인사를 하다	おれいをいう
折れる	부러지다, 접히다, 양보하다	おれる
終わり	끝	おわり
音楽会	음악회	おんがくかい
音楽室	음악실	おんがくしつ
温泉	온천	おんせん
会員	회원	かいいん
会館	회관	かいかん
開館	개관	かいかん
海岸	해안	かいがん
会議室	회의실	かいぎしつ
開始	시작	かいし
会長	회장	かいちょう
回転	회전	かいてん
会話	대화	かいわ
飼う	(동물을) 기르다	かう
帰ってくる	돌아오다	かえってくる
帰り	돌아감	かえり
係	담당	かかり
科学	과학	かがく
鏡	거울	かがみ
書き方	쓰는 법	かきかた
かき氷	빙수	かきごおり
確認	확인	かくにん
家具	가구	かぐ
傘をさす	우산을 쓰다	かさをさす
飾り	장식	かざり
飾る	꾸미다, 진열하다	かざる
かしこまりました	알겠습니다	かしこまりました
貸し出し	대출	かしだし
火事	화재	かじ
数	수	かず
風邪を引く	감기에 걸리다	かぜをひく
数える	세다	かぞえる
方	~하는 법(동사 ます형＋方), 분	かた
固い	단단하다	かたい
硬い	단단하다	かたい
形	형태	かたち
片付ける	정리하다, 처리하다	かたづける
課長	과장	かちょう
かっこいい	멋있다	かっこいい
格好	모습, 알맞다	かっこう
かっこ悪い	멋없다	かっこわるい
活動	활동	かつどう
家内	아내	かない
必ず	반드시	かならず
金持ち	부자	かねもち
壁	벽	かべ
髪	머리카락	かみ
噛む	물다, 씹다, (말을) 더듬다	かむ
通う	다니다, (피나 전기나 마음이) 통하다	かよう
乾く	마르다	かわく
代わり	대신, 리필	かわり
代わりに	대신에	かわりに
考え	생각(의견이나 아이디어나 의도)	かんがえ
考え方	사고방식	かんがえかた
関係	관계	かんけい
関係者	관계자	かんけいしゃ
韓国語	한국어	かんこくご
かんごし	간호사	かんごし
感動	감동	かんどう
外部	외부	がいぶ
学部	학부	がくぶ
学期	학기	がっき
楽器	악기	がっき
気	마음, 의식, 분위기	き
機会	기회	きかい
機械	기계	きかい
気がある	마음이 있다	きがある
聞き取り	듣기	ききとり
危険	위험	きけん
聞こえる	들리다	きこえる
帰国	귀국하다	きこく
汽車	기차	きしゃ
記者	기자	きしゃ
季節	계절	きせつ
規則	규칙	きそく
北区	기타구	きたく
帰宅	귀가	きたく
きっと	분명히	きっと
切符	표	きっぷ
絹	비단	きぬ
厳しい	엄격하다, 어렵다, 심하다	きびしい
気分	기분	きぶん
君	너	きみ
気持ち	기분, 마음가짐	きもち
休業	휴업하다	きゅうぎょう
急行	급히 가다, 급행열차	きゅうこう
急に	갑자기, 급히	きゅうに
教会	교회	きょうかい
教科書	교과서	きょうかしょ
競争	경쟁	きょうそう
強調	강조	きょうちょう
興味	흥미	きょうみ
気をつける	조심하다	きをつける
禁煙	금연	きんえん
金魚	금붕어	きんぎょ
近所	근처	きんじょ
技術	기술	ぎじゅつ
逆	반대	ぎゃく
牛丼	규동	ぎゅうどん
銀色	은색	ぎんいろ
区	구	く
空気	공기, 분위기	くうき
空港	공항	くうこう
草	풀, ㅋㅋㅋ	くさ
下さる	주시다	くださる
首	목, 해고	くび
雲	구름	くも
曇り	흐림	くもり
区役所	구청	くやくしょ
暮らし	생활	くらし
比べる	비교하다	くらべる
黒	검정	くろ
具合	상태, 형편, 방식	ぐあい
軍人	군인	ぐんじん
毛	털	け
経営	경영	けいえい
計画	계획	けいかく
経験	경험	けいけん
警察	경찰	けいさつ
計算	계산	けいさん
経済	경제	けいざい
掲示板	게시판	けいじばん
携帯電話	휴대전화	けいたいでんわ
景色	경치	けしき
結果	결과	けっか
決して	(부정문에서) 결코	けっして
決心	결심	けっしん
決定	결정	けってい
欠点	결점	けってん
険しい	험하다	けわしい
県	현(일본 행정구역)	けん
見学	견학	けんがく
研究	연구	けんきゅう
研究会	연구회	けんきゅうかい
健康	건강	けんこう
見物	구경	けんぶつ
下宿	하숙	げしゅく
原因	원인	げんいん
玄関	현관	げんかん
元気	건강하다, 기운	げんき
言語	언어	げんご
子犬	강아지, 작은 개	こいぬ
公開	공개	こうかい
校外	교외	こうがい
郊外	교외	こうがい
高級	고급	こうきゅう
工業	공업	こうぎょう
高校生	고등학생	こうこうせい
工事	공사	こうじ
工場	공장	こうじょう
校長	교장	こうちょう
校長先生	교장 선생님	こうちょうせんせい
交通	교통	こうつう
講堂	강당	こうどう
公務員	공무원	こうむいん
氷	얼음	こおり
国産	국산	こくさん
国内	국내	こくない
国民	국민	こくみん
心	마음	こころ
小声	작은 목소리	こごえ
故障	고장, 부상	こしょう
答え	답	こたえ
こと	일	こと
言葉	말	ことば
小鳥	작은 새	ことり
子猫	새끼 고양이	こねこ
木の葉	나뭇잎	このは
この辺	이쯤	このへん
細かい	작다, (돈에) 깐깐하다	こまかい
混む	붐비다	こむ
込む	붐비다	こむ
米	쌀	こめ
小指	새끼손가락	こゆび
これから	이제부터, 여기서부터	これから
転ぶ	넘어지다, 구르다	ころぶ
怖い	무섭다	こわい
壊れる	망가지다	こわれる
今学期	이번 학기	こんがっき
今夜	오늘 밤	こんや
合格	합격	ごうかく
ご存じ	아시다	ごぞんじ
ご馳走	대접, 잘 차린 음식	ごちそう
ご覧になる	보시다, 해 보시다	ごらんになる
最近	최근	さいきん
最後	마지막	さいご
最初	처음	さいしょ
坂	비탈길	さか
魚屋	생선 가게	さかなや
盛ん	번성하다	さかん
探す	찾다	さがす
下がる	내려가다, 매달리다, 물러나다	さがる
桜	벚꽃	さくら
誘う	(함께 하자고) 권하다, 유혹하다, 불러일으키다	さそう
作家	작가	さっか
さっき	아까	さっき
砂糖	설탕	さとう
寂しい	외롭다	さびしい
再来年	다다음 해	さらいねん
騒ぐ	떠들다	さわぐ
触る	만지다	さわる
参加	참가	さんか
三角	삼각형	さんかく
参加者	참가자	さんかしゃ
産業	산업	さんぎょう
算数	산수	さんすう
賛成	찬성하다	さんせい
残念	아쉽다	ざんねん
市	시	し
仕方	방법	しかた
仕方ない	어쩔 수 없다, ~해서 견딜 수 없다(～て仕方ない)	しかたない
叱る	꾸짖다	しかる
試験	시험	しけん
舌	혀	した
下着	속옷	したぎ
支度	준비	したく
親しい	친하다, 익숙하다	したしい
しっかり	단단히, 제대로, 야무지다	しっかり
失敗	실패	しっぱい
指定	지정	してい
市内	시내	しない
品物	물건	しなもの
支払い	지불	しはらい
しばらく	잠시, 오래간만이다	しばらく
島	섬	しま
姉妹	자매	しまい
市民	시민	しみん
閉める	(문 등을) 닫다	しめる
社会	사회	しゃかい
社会学	사회학	しゃかいがく
社会人	사회인	しゃかいじん
写真家	사진가	しゃしんか
社長	사장	しゃちょう
借金	빚	しゃっきん
車道	차도	しゃどう
市役所	시청	しやくしょ
習慣	습관, 관습	しゅうかん
就職	취직	しゅうしょく
集中	집중	しゅうちゅう
終点	종점	しゅうてん
主人	주인, 남편	しゅじん
出身	출신	しゅっしん
出席	출석	しゅっせき
出張	출장	しゅっちょう
出発	출발하다	しゅっぱつ
趣味	취미, 취향	しゅみ
正月	새해, 1월	しょうがつ
招待	초대	しょうたい
将来	장래	しょうらい
職員	직원	しょくいん
食品	식품	しょくひん
食料品	식료품	しょくりょうひん
食器	식기	しょっき
書類	서류	しょるい
使用	사용	しよう
報せる	알리다	しらせる
資料	자료	しりょう
新製品	신제품	しんせいひん
親戚	친척	しんせき
親切	친절하다	しんせつ
新年	새해	しんねん
心配	걱정	しんぱい
新聞社	신문사	しんぶんしゃ
深夜	심야	しんや
親類	친척	しんるい
時間がかかる	시간이 걸리다	じかんがかかる
事件	사건	じけん
事故	사고	じこ
地震	지진	じしん
事情	사정	じじょう
時代	시대	じだい
実験	실험	じっけん
辞典	사전	じてん
自動	자동	じどう
事務室	사무실	じむしつ
事務所	사무소	じむしょ
邪魔	방해, (남의 집을) 방문하다(お邪魔する)	じゃま
邪魔になる	방해가 되다	じゃまになる
住宅	주택	じゅうたく
柔道	유도	じゅうどう
十分	충분하다	じゅうぶん
住民	주민	じゅうみん
重要	중요하다	じゅうよう
授業を受ける	수업을 듣다	じゅぎょうをうける
受験	수험	じゅけん
準備	준비	じゅんび
自由	자유	じゆう
自由に	자유롭게	じゆうに
乗客	승객	じょうきゃく
女性	여성	じょせい
人口	인구	じんこう
神社	신사	じんじゃ
水族館	수족관	すいぞくかん
水道	수도	すいどう
数学	수학	すうがく
空く	비다	すく
少しも	(부정 표현과 함께) 조금도	すこしも
寿司	초밥	すし
すっかり	완전히	すっかり
素敵	멋지다	すてき
捨てる	버리다	すてる
住まい	사는 곳	すまい
済む	끝나다	すむ
すり	소매치기	すり
スルト	그러자, 그러면	すると
ずいぶん	상당히, 너무하다	ずいぶん
生活	생활	せいかつ
成功	성공	せいこう
生産	생산	せいさん
成長	성장	せいちょう
制服	교복	せいふく
西洋	서양	せいよう
世界	세계	せかい
世界中	전 세계	せかいじゅう
節約	절약	せつやく
背中	등	せなか
世話	돌보다, 신세를 지다, 폐를 끼치다	せわ
戦争	전쟁	せんそう
洗濯	세탁	せんたく
先輩	선배	せんぱい
全員	전원	ぜんいん
全学年	전 학년	ぜんがくねん
全国	전국	ぜんこく
全然	전혀, 완전	ぜんぜん
全体	전체	ぜんたい
掃除	청소	そうじ
掃除機をかける	청소기를 돌리다	そうじきをかける
相談	상담하다	そうだん
速度	속도	そくど
育てる	키우다	そだてる
外側	바깥쪽	そとがわ
それで	그래서	それで
それに	게다가	それに
それほど	그 정도로	それほど
体育館	체육관	たいいくかん
退院	퇴원하다	たいいん
大会	대회	たいかい
大使	대사	たいし
大抵	대개	たいてい
台風	태풍	たいふう
体力	체력	たいりょく
倒れる	쓰러지다	たおれる
竹	대나무	たけ
確かに	분명히	たしかに
多少	다소	たしょう
足す	더하다	たす
多数	다수	たすう
訪ねる	방문하다	たずねる
ただ	그냥, 무료, 다만	ただ
卓球	탁구	たっきゅう
建つ	세워지다	たつ
建物	건물	たてもの
建てる	(건물을) 짓다	たてる
例えば	예를 들면	たとえば
棚	선반, 덩굴 시렁	たな
楽しみ	즐거움, 기대	たのしみ
たばこを吸う	담배를 피우다	たばこをすう
たまに	가끔	たまに
足りない	부족하다	たりない
足りる	충분하다	たりる
短期	단기	たんき
単語	단어	たんご
担当	담당	たんとう
担当者	담당자	たんとうしゃ
短編	단편	たんぺん
大学院	대학원	だいがくいん
大学生	대학생	だいがくせい
大事	중요하다	だいじ
台所	부엌	だいどころ
だいぶ	상당히	だいぶ
だから	그러니까	だから
ダメ	안 되다	だめ
男性	남성	だんせい
暖房	난방	だんぼう
力	힘	ちから
遅刻	지각	ちこく
地図	지도	ちず
父親	아버지	ちちおや
地名	지명	ちめい
茶色	갈색	ちゃいろ
中学生	중학생	ちゅうがくせい
中学校	중학교	ちゅうがっこう
中古	중고	ちゅうこ
中止	중지, 취소	ちゅうし
注射	주사	ちゅうしゃ
駐車場	주차장	ちゅうしゃじょう
昼食	점심 식사	ちゅうしょく
中心	중심	ちゅうしん
注文	주문	ちゅうもん
長所	장점	ちょうしょ
長女	장녀	ちょうじょ
貯金	저금	ちょきん
地理	지리	ちり
使い捨て	일회용	つかいすて
使いにくい	사용하기 어렵다	つかいにくい
都合	사정	つごう
都合が悪い	형편이 좋지 않다	つごうがわるい
包む	싸다	つつむ
続く	이어지다	つづく
爪	손발톱	つめ
つもり	~할 생각이다, (실제와 관계없이) ~라고 생각하다	つもり
梅雨	장마	つゆ
釣る	낚다	つる
丁寧	정중하다, 꼼꼼하다	ていねい
適当	적당하다, 대충하다	てきとう
手袋	장갑	てぶくろ
手前	앞쪽, 입장	てまえ
点	점	てん
店員	점원	てんいん
天気予報	일기 예보	てんきよほう
天才	천재	てんさい
天ぷら	튀김	てんぷら
展覧会	전시회	てんらんかい
出入口	출입구	でいりぐち
できるだけ	가능한 한	できるだけ
電灯	전등	でんとう
電報	전보	でんぽう
到着	도착	とうちゃく
とうとう	마침내	とうとう
東洋	동양	とうよう
遠く	멀리	とおく
通り	거리, ~대로, 종류	とおり
通る	지나다, 통하다, 받아들여지다	とおる
都会	도시	とかい
得意	잘하다, 우쭐하다	とくい
特色	특색	とくしょく
特に	특히	とくに
特別	특별하다	とくべつ
床屋	이발소	とこや
都市	도시	とし
途中	도중	とちゅう
特急	특급	とっきゅう
届く	닿다, 도착하다	とどく
届ける	전달하다, 신고하다	とどける
止まる	멈추다, (새나 벌레가) 앉다	とまる
止める	멈추다	とめる
共働き	맞벌이	ともばたらき
取り替える	바꾸다	とりかえる
撮る	(사진이나 영상을) 찍다	とる
道具	도구	どうぐ
どうしても	어떻게 해서라도, (부정문에서) 도저히	どうしても
道路	도로	どうろ
読書	독서	どくしょ
独身	독신	どくしん
泥棒	도둑	どろぼう
どんどん	쑥쑥, 계속해서, 쿵쿵	どんどん
どんなに	얼마나	どんなに
直す	고치다	なおす
治る	(병이나 상처가) 낫다	なおる
直る	고쳐지다	なおる
亡くなる	돌아가시다	なくなる
無くなる	없어지다	なくなる
なさる	하시다	なさる
納豆	낫토	なっとう
生ビール	생맥주	なまビール
悩む	고민하다	なやむ
鳴る	울리다	なる
なるべく	되도록	なるべく
なるほど	과연	なるほど
慣れる	익숙해지다	なれる
似合う	어울리다	にあう
苦い	(맛이) 쓰다	にがい
肉屋	정육점	にくや
逃げる	도망치다	にげる
にこにこ	싱글벙글하다	にこにこ
日記	일기	にっき
日程	일정	にってい
日本製	일본제	にほんせい
入院	입원	にゅういん
入学	입학	にゅうがく
入場	입장	にゅうじょう
似る	닮다	にる
人気	인기	にんき
人形	인형	にんぎょう
にんじん	당근	にんじん
濡れる	젖다	ぬれる
熱心	열심이다	ねっしん
熱	열	ねつ
寝坊	늦잠	ねぼう
眠い	졸리다	ねむい
眠る	자다	ねむる
喉	목구멍	のど
飲みすぎ	과음	のみすぎ
乗り換え	환승	のりかえ
乗り物	탈것	のりもの
拝見	삼가 보다	はいけん
歯医者	치과 의사	はいしゃ
計る	(길이 등을) 재다	はかる
白菜	배추	はくさい
運ぶ	나르다, 진행하다	はこぶ
はさみ	가위	はさみ
走り出す	달리기 시작하다	はしりだす
始まり	시작	はじまり
初めに	우선	はじめに
恥ずかしい	부끄럽다	はずかしい
はっきり	분명히	はっきり
発見	발견	はっけん
発表	발표하다	はっぴょう
発表会	발표회	はっぴょうかい
発音	발음	はつおん
発明	발명	はつめい
話をする	이야기를 하다	はなしをする
花火大会	불꽃놀이	はなびたいかい
母親	어머니	ははおや
早い	이르다, 빠르다	はやい
林	숲	はやし
晴れ	맑음	はれ
反対	반대	はんたい
半島	반도	はんとう
半日	반나절	はんにち
場合	경우	ばあい
売買	매매	ばいばい
場面	장면	ばめん
番組	(방송) 프로그램	ばんぐみ
火	불	ひ
冷える	차가워지다	ひえる
光	빛	ひかり
光る	빛나다	ひかる
引き出し	서랍, 예금 인출	ひきだし
引く	당기다, 빼다, (감기에) 걸리다	ひく
ひげ	수염	ひげ
飛行場	비행장	ひこうじょう
引っ越し	이사	ひっこし
引っ越す	이사하다	ひっこす
必要	필요하다	ひつよう
百貨店	백화점	ひゃっかてん
冷やす	식히다	ひやす
表紙	표지	ひょうし
昼間	낮	ひるま
昼休み	점심시간	ひるやすみ
拾う	줍다, (차로) 태우다	ひろう
広さ	넓이	ひろさ
広場	광장	ひろば
美人	미인	びじん
びっくり	깜짝 놀라다	びっくり
増える	늘다	ふえる
深い	깊다	ふかい
復習	복습	ふくしゅう
太る	살찌다	ふとる
布団	이불	ふとん
船	배	ふね
不便	불편하다	ふべん
部長	부장	ぶちょう
物価	물가	ぶっか
部分	부분	ぶぶん
文学	문학	ぶんがく
文法	문법	ぶんぽう
平日	평일	へいじつ
変	이상하다	へん
変更	변경	へんこう
返事	대답	へんじ
別	다름, ~별	べつ
弁当	도시락	べんとう
便利	편리하다	べんり
方向	방향	ほうこう
放送	방송	ほうそう
法律	법률	ほうりつ
ほとんど	거의, 대부분	ほとんど
本気	진심	ほんき
翻訳	번역	ほんやく
貿易	무역	ぼうえき
参る	가거나 오다의 겸양어, 두 손 들다, 참배하다	まいる
負ける	지다, (값을) 깎아 주다	まける
真面目	진지하다, 성실하다	まじめ
間違える	틀리다, 착각하다	まちがえる
祭り	축제	まつり
窓口	창구	まどぐち
窓ガラス	창유리	まどガラス
学ぶ	배우다	まなぶ
間に合う	늦지 않다, 충분하다	まにあう
回る	돌다, 넘다	まわる
真ん中	한가운데	まんなか
見える	보이다, 오시다	みえる
湖	호수	みずうみ
見つかる	발견되다	みつかる
港	항구	みなと
迎える	맞이하다	むかえる
向こう	저쪽, 앞으로	むこう
虫	벌레	むし
蒸し暑い	무덥다	むしあつい
息子さん	아드님	むすこさん
娘さん	따님	むすめさん
無料	무료	むりょう
珍しい	드물다	めずらしい
申し上げる	말씀드리다	もうしあげる
申込書	신청서	もうしこみしょ
申す	말씀드리다	もうす
もうすぐ	이제 곧	もうすぐ
もう一つ	하나 더, 조금 부족하다	もうひとつ
目的地	목적지	もくてきち
もし	만약	もし
文字	글자	もじ
持っていく	가지고 가다	もっていく
戻る	돌아가다	もどる
木綿	면	もめん
森	숲	もり
門	문	もん
夜間	야간	やかん
役に立つ	도움이 되다	やくにたつ
休みを取る	휴가를 내다	やすみをとる
痩せる	살이 빠지다, 척박해지다	やせる
薬局	약국	やっきょく
やっと	겨우, 드디어	やっと
やっぱり	역시	やっぱり
やはり	역시	やはり
山道	산길	やまみち
止む	그치다	やむ
湯	뜨거운 물, 탕	ゆ
優勝	우승	ゆうしょう
友人	친구	ゆうじん
夕飯	저녁밥	ゆうはん
郵便局	우체국	ゆうびんきょく
雪	눈	ゆき
輸出	수출	ゆしゅつ
輸入	수입	ゆにゅう
指	손가락	ゆび
指輪	반지	ゆびわ
夢	꿈	ゆめ
用意	준비	ようい
ようこそ	어서 오세요	ようこそ
用事	볼일	ようじ
ようやく	겨우	ようやく
予習	예습	よしゅう
夜中	한밤중	よなか
予報	예보	よほう
読み方	읽는 법	よみかた
読み物	읽을거리	よみもの
寄る	들르다, 접근하다	よる
喜ぶ	기뻐하다, 반기다	よろこぶ
よろしい	좋다	よろしい
弱気	나약하다	よわき
立派	훌륭하다	りっぱ
留学	유학	りゅうがく
理由	이유	りゆう
料金	요금	りょうきん
両方	양쪽	りょうほう
旅館	여관	りょかん
旅行先	여행지	りょこうさき
留守	집을 비우다	るす
冷房	냉방	れいぼう
列車	열차	れっしゃ
連絡先	연락처	れんらくさき
老人	노인	ろうじん
若い	젊다	わかい
沸かす	(물을) 끓이다	わかす
沸く	끓다, 열광하다	わく
わけ	이유	わけ
分ける	나누다, 구분하다	わける
忘れ物	두고 온 물건	わすれもの
笑う	웃다, 비웃다	わらう
割る	깨다, 나누다, 희석하다	わる
悪い	나쁘다, 잘못이다, 미안하다	わるい
アイディア	아이디어	アイディア
アイロン	다리미, 고데기	アイロン
アクセサリー	액세서리	アクセサリー
アジア	아시아	アジア
アナウンサー	아나운서	アナウンサー
アフリカ	아프리카	アフリカ
アンケート	설문 조사	アンケート
イタリア語	이탈리아어	イタリアご
イベント	이벤트	イベント
イヤリング	귀걸이	イヤリング
インタビュー	인터뷰	インタビュー
エスカレーター	에스컬레이터	エスカレーター
オフィス	사무실	オフィス
オートバイ	오토바이	オートバイ
カッター	커터칼	カッター
カフェ	카페	カフェ
カラオケ	노래방	カラオケ
カーテン	커튼	カーテン
ガイド	가이드, 안내서	ガイド
ガス	가스, 짙은 안개	ガス
ガス代	가스비	ガスだい
ガソリン	휘발유	ガソリン
ガソリンスタンド	주유소	ガソリンスタンド
ガラス	유리	ガラス
キッチン	주방	キッチン
クリスマス	크리스마스	クリスマス
ケース	케이스	ケース
ゲーム	게임	ゲーム
コピー機	복사기	コピーき
コンピューター	컴퓨터	コンピューター
サイト	사이트	サイト
サポート	지원	サポート
サラダ	샐러드	サラダ
サンダル	샌들	サンダル
サービス	서비스, 할인해 주다	サービス
シャワーを浴びる	샤워하다	シャワーをあびる
ジャム	잼	ジャム
ジョギング	조깅	ジョギング
スイッチ	스위치	スイッチ
スクリーン	스크린	スクリーン
スケジュール	스케줄	スケジュール
スタッフ	스태프	スタッフ
ステレオ	스테레오	ステレオ
スピーカー	스피커	スピーカー
スプーン	숟가락	スプーン
スマホ	스마트폰	スマホ
スーツ	정장	スーツ
スーツケース	여행 가방	スーツケース
セミナー	세미나	セミナー
センチ	센티미터	センチ
ソフト	소프트웨어, 부드럽다, 소프트아이스크림	ソフト
タイプ	타입	タイプ
タオル	수건	タオル
ダイエット	다이어트	ダイエット
チェック	체크, 체크무늬	チェック
チャレンジ	도전	チャレンジ
チャンス	기회	チャンス
デザイン	디자인	デザイン
データ	데이터	データ
デート	데이트	デート
トラック	트럭, 트랙	トラック
ドレス	드레스	ドレス
ハンバーガー	햄버거	ハンバーガー
ハンバーグ	함박스테이크	ハンバーグ
バイト	아르바이트	バイト
バス停	버스 정류장	バスてい
バター	버터	バター
バレーボール	배구	バレーボール
バーベキュー	바비큐	バーベキュー
パン屋	빵집	パンや
パート	부분, 시간제 근무	パート
パートタイム	파트타임	パートタイム
ヒーター	히터	ヒーター
ビール	맥주	ビール
ピンク	분홍색, 선정적이다	ピンク
フィルム	필름	フィルム
フォーク	포크, 포크 음악	フォーク
フランス語	프랑스어	フランスご
フリーマーケット	벼룩시장	フリーマーケット
プリント	프린트	プリント
プログラム	프로그램	プログラム
プロジェクター	프로젝터	プロジェクター
ベル	벨	ベル
ホームステイ	홈스테이	ホームステイ
ボランティア	자원봉사	ボランティア
ボート	보트	ボート
ボール	볼	ボール
ポスター	포스터	ポスター
ポスト	우체통, 직위, 게시	ポスト
マスク	마스크	マスク
マッチ	성냥, 매치	マッチ
マラソン	마라톤	マラソン
メロン	멜론	メロン
ラジカセ	라디오카세트	ラジカセ
ルール	규칙	ルール
レコード	음반, 기록	レコード
レジ	계산대	レジ
レベル	레벨	レベル
レポート	리포트	レポート
レンジ	레인지, 전자레인지	レンジ
ロシア語	러시아어	ロシアご
ワープロ	워드프로세서	ワープロ
愛	사랑	あい
相変わらず	여전히	あいかわらず
合図	신호	あいず
相手	상대	あいて
愛用者	애용자	あいようしゃ
青白い	푸르스름하게 희다	あおじろい
赤信号	빨간불, 적신호	あかしんごう
上がる	오르다, (실내로) 들어가다, (비가) 그치다	あがる
空き地	공터	あきち
諦める	포기하다	あきらめる
飽きる	질리다	あきる
空きスペース	빈 공간	あきスペース
空く	비다, 구멍이 나다	あく
あくび	하품	あくび
明ける	날이 새다, (기간이) 끝나다	あける
空ける	비우다, 구멍을 내다	あける
朝晩	아침저녁	あさばん
朝日	아침 해	あさひ
足跡	발자국	あしあと
味見	맛을 보다	あじみ
味わう	맛보다	あじわう
預かる	맡다	あずかる
預ける	맡기다	あずける
汗	땀	あせ
与える	(영향이나 기회 등을) 주다	あたえる
暖まる	따뜻해지다	あたたまる
温める	데우다	あたためる
辺り	근처, 쯤	あたり
当たり前	당연하다, 평범하다	あたりまえ
当たる	맞다, 해당하다, 당첨되다	あたる
悪化	악화	あっか
あっという間に	순식간에	あっというまに
扱う	다루다	あつかう
集まり	모임	あつまり
宛先	수신처	あてさき
穴	구멍, 구덩이	あな
油	기름	あぶら
雨戸	덧문	あまど
余る	남다	あまる
網戸	방충망	あみど
編む	뜨다	あむ
怪しい	수상하다, 확실하지 않다	あやしい
あらゆる	모든	あらゆる
現す	드러내다	あらわす
表す	나타내다	あらわす
現れる	나타나다	あらわれる
表れる	드러나다	あらわれる
ありがたい	고맙다	ありがたい
あれこれ	이것저것	あれこれ
泡	거품	あわ
合わせる	맞추다, 합치다	あわせる
慌てる	당황하다, 서두르다(慌てて)	あわてる
案	안	あん
案外	의외로	あんがい
安心感	안도감	あんしんかん
胃	위	い
言い出す	말을 꺼내다	いいだす
怒り	분노	いかり
意外	의외	いがい
息	숨	いき
行き方	가는 방법	いきかた
行き先	목적지, 행방	いきさき
生き物	생물	いきもの
以降	이후	いこう
以後	이후	いご
医師	의사	いし
意志	의지	いし
意思	의사	いし
意識	의식	いしき
維持	유지	いじ
異常	이상	いじょう
泉	샘	いずみ
以前	이전	いぜん
板	판	いた
痛み	아픔, 손상	いたみ
炒める	볶다	いためる
位置	위치	いち
一応	일단	いちおう
一度に	한 번에	いちどに
一部	일부, 한 부	いちぶ
一流	일류	いちりゅう
一生	일생	いっしょう
一般	일반	いっぱん
一般的	일반적이다	いっぱんてき
一般に	일반적으로	いっぱんに
一方通行	일방통행	いっぽうつうこう
いとこ	사촌	いとこ
違反	위반	いはん
居間	거실	いま
今にも	금방이라도	いまにも
芋	감자나 고구마 같은 덩이작물	いも
嫌がる	싫어하는 기색을 보이다	いやがる
いよいよ	드디어, 점점 더	いよいよ
依頼	의뢰	いらい
いらっしゃる	오시다, 가시다, 계시다	いらっしゃる
岩	바위	いわ
印象	인상	いんしょう
浮かべる	띄우다, 띠다, 떠올리다	うかべる
受かる	합격하다	うかる
うがい	가글	うがい
受け入れる	받아들이다	うけいれる
受付	접수, 접수처	うけつけ
受取人	수취인	うけとりにん
受け取る	받다, (말이나 행동을) 받아들이다	うけとる
受け持ち	담당	うけもち
受ける	(물건이나 영향 등을) 받다, (시험을) 치다	うける
動かす	움직이다, 작동시키다	うごかす
うさぎ	토끼	うさぎ
牛	소	うし
右折	우회전	うせつ
嘘つき	거짓말쟁이	うそつき
疑う	의심하다	うたがう
打ち合わせ	협의	うちあわせ
内側	안쪽	うちがわ
うっかり	깜빡	うっかり
移す	옮기다	うつす
写る	찍히다	うつる
映る	비치다	うつる
移る	이동하다, 옮다	うつる
奪う	빼앗다	うばう
馬	말	うま
生まれ	출생	うまれ
産む	낳다	うむ
梅	매실나무, 최하급	うめ
埋める	묻다, 메우다	うめる
裏	뒷면	うら
羨ましい	부럽다	うらやましい
売り上げ	매출	うりあげ
売り切れ	매진	うりきれ
売り切れる	다 팔리다	うりきれる
うろうろ	어슬렁거리다, 안절부절못하다	うろうろ
運河	운하	うんが
運休	운휴	うんきゅう
運転席	운전석	うんてんせき
運転免許	운전면허	うんてんめんきょ
影響	영향	えいきょう
影響力	영향력	えいきょうりょく
英国	영국	えいこく
英文	영문	えいぶん
栄養	영양	えいよう
笑顔	웃는 얼굴	えがお
駅前	역 앞	えきまえ
得る	얻다	える
宴会	연회	えんかい
延期	연기	えんき
延期になる	연기되다	えんきになる
演奏	연주	えんそう
遠足	소풍	えんそく
追い越す	앞지르다	おいこす
追いつく	따라잡다	おいつく
追い抜く	앞지르다	おいぬく
追う	뒤쫓다, 따르다	おう
応援	지원, 응원	おうえん
王様	왕	おうさま
王子	왕자	おうじ
横断	횡단	おうだん
横断禁止	횡단 금지	おうだんきんし
応答	응답	おうとう
往復	왕복	おうふく
応募	응모	おうぼ
応用	응용	おうよう
大通り	대로	おおどおり
大家	집주인	おおや
おかけになる	앉으시다	おかけになる
おかしな	이상하다, 우습다	おかしな
奥	깊숙한 곳	おく
屋外	옥외	おくがい
屋内	실내	おくない
お小遣い	용돈	おこづかい
起こる	일어나다	おこる
惜しい	아깝다, 아쉽다	おしい
おしまい	끝	おしまい
お辞儀	절	おじぎ
恐ろしい	무섭다	おそろしい
お互いに	서로	おたがいに
落ち着く	진정되다, 자리 잡다	おちつく
お茶を入れる	차를 우리다	おちゃをいれる
落ちる	떨어지다	おちる
夫	남편	おっと
お疲れ様	수고하셨습니다	おつかれさま
お手伝いさん	가사 도우미	おてつだいさん
踊り	춤	おどり
驚かす	놀라게 하다	おどろかす
お花見	꽃놀이	おはなみ
帯	띠, (기모노의) 허리띠	おび
溺れる	(물에) 빠지다, (쾌락 등에) 빠지다	おぼれる
お店の人	점원	おみせのひと
お目にかかる	뵙다	おめにかかる
思い	생각, 마음	おもい
思い浮かぶ	(마음에) 떠오르다	おもいうかぶ
思いつく	생각나다	おもいつく
思ったより	생각보다	おもったより
主に	주로	おもに
思わず	무심코	おもわず
およそ	대략	およそ
及ぼす	(영향을) 미치다	およぼす
折る	부러뜨리다, 접다	おる
降ろす	내리다	おろす
おわり	끝	おわり
音楽家	음악가	おんがくか
温室	온실	おんしつ
温度	온도	おんど
おんぶ	업다	おんぶ
貝	조개	かい
絵画	회화	かいが
会計	회계, (대금) 계산	かいけい
解決	해결	かいけつ
会合	회합	かいごう
改札	개찰, 개찰구	かいさつ
会社員	회사원	かいしゃいん
回収	회수하다	かいしゅう
解消	해소	かいしょう
海水浴	해수욕	かいすいよく
回数	횟수	かいすう
回数券	회수권	かいすうけん
改正	개정	かいせい
解説	해설	かいせつ
改造	개조	かいぞう
開発	개발	かいはつ
会費	회비	かいひ
回復	회복하다	かいふく
帰り道	귀갓길	かえりみち
換える	바꾸다	かえる
替える	바꾸다	かえる
返る	돌아오다, 뒤집히다	かえる
香り	향기	かおり
価格	가격	かかく
かかる	(병에) 걸리다	かかる
掛かる	(비용이나 시간이) 들다	かかる
化学	화학	かがく
輝く	빛나다	かがやく
下記	하기	かき
書留	등기우편	かきとめ
書き取り	옮겨 쓰기, 받아쓰기	かきとり
書き直す	다시 쓰다	かきなおす
かき混ぜる	뒤섞다	かきまぜる
鍵	열쇠, 자물쇠	かぎ
各駅	각 역	かくえき
各駅停車	각 역에 정차하는 열차	かくえきていしゃ
各自	각자	かくじ
各日	각 날짜	かくじつ
確実	확실하다	かくじつ
拡充	확충	かくじゅう
隠す	숨기다	かくす
拡大	확대	かくだい
各地	각지	かくち
拡張	확장	かくちょう
確保	확보	かくほ
格安	매우 싸다	かくやす
隠れる	숨다	かくれる
掛け算	곱셈	かけざん
過去	과거	かこ
囲む	둘러싸다, 포위하다	かこむ
重なる	겹치다	かさなる
重ねる	포개다, 거듭하다	かさねる
稼ぐ	벌다	かせぐ
下線	밑줄	かせん
河川	하천	かせん
肩	어깨	かた
片付く	정리되다	かたづく
片方	한쪽	かたほう
片道	편도	かたみち
語る	이야기하다, (표정이나 사실이) 말해 주다	かたる
課題	과제	かだい
勝ち	승리	かち
活気	활기	かっき
各国	각국	かっこく
勝つ	이기다	かつ
活用	활용하다	かつよう
活用度	활용도	かつようど
仮定	가정	かてい
家電製品	가전제품	かでんせいひん
悲しみ	슬픔	かなしみ
悲しむ	슬퍼하다	かなしむ
必ずしも	반드시 ~인 것은 아니다	かならずしも
かなり	꽤	かなり
加入	가입	かにゅう
加熱	가열	かねつ
可能	가능하다	かのう
構いません	괜찮습니다	かまいません
構わない	상관없다	かまわない
神	신	かみ
仮名	가명	かめい
科目	과목	かもく
空	(속이) 빈 상태	から
からから	바싹 마르다, 달그락달그락	からから
空っぽ	텅 비다	からっぽ
かれる	(목이) 쉬다	かれる
枯れる	시들다	かれる
皮	껍질, 가죽	かわ
乾かす	말리다	かわかす
渇く	목마르다	かわく
缶	캔	かん
感覚	감각	かんかく
間隔	간격	かんかく
観客	관객	かんきゃく
環境	환경	かんきょう
歓迎	환영	かんげい
歓迎会	환영회	かんげいかい
観光	관광	かんこう
観光地	관광지	かんこうち
看護師	간호사	かんごし
観察	관찰	かんさつ
歓心	환심	かんしん
関心	관심	かんしん
関心を集める	관심을 모으다	かんしんをあつめる
感じ	느낌	かんじ
患者	환자	かんじゃ
感情	감정	かんじょう
感情的	감정적이다	かんじょうてき
感じる	느끼다	かんじる
完成	완성	かんせい
間接	간접	かんせつ
完全	완전하다	かんぜん
乾燥	건조하다	かんそう
感想	소감	かんそう
感想文	감상문	かんそうぶん
看板	간판	かんばん
乾杯	건배	かんぱい
管理	관리	かんり
外貨	외화	がいか
外交	외교	がいこう
外出	외출	がいしゅつ
外食	외식	がいしょく
画家	화가	がか
学者	학자	がくしゃ
学習	학습	がくしゅう
学費	학비	がくひ
学問	학문	がくもん
学力	학업 능력	がくりょく
学科	학과	がっか
がっかり	실망하다	がっかり
学校をサボる	학교를 빼먹다	がっこうをサボる
我慢	참다	がまん
我慢強い	참을성이 강하다	がまんづよい
画面	화면	がめん
ガラガラ	덜컹덜컹, 텅 비다, (목소리가) 걸걸하다	がらがら
眼科	안과	がんか
黄色	노랑	きいろ
気温	기온	きおん
気がする	느낌이 들다	きがする
気がつく	깨닫다, 세심하다, 의식을 되찾다	きがつく
聞き直す	다시 듣다, 다시 묻다	ききなおす
企業	기업	きぎょう
危険性	위험성	きけんせい
期限	기한	きげん
刻む	잘게 썰다, 새기다	きざむ
生地	옷감, 반죽	きじ
傷	상처, 흠	きず
期待	기대	きたい
気体	기체	きたい
基地	기지	きち
きちんと	제대로, 깔끔히	きちんと
きっかけ	계기	きっかけ
きつい	힘들다, (자극이나 정도가) 강하다, (옷이나 신발이) 꽉 끼다	きつい
気づく	알아차리다	きづく
気に入る	마음에 들다	きにいる
気にしない	신경 쓰지 않다	きにしない
気にする	신경 쓰다	きにする
気になる	신경 쓰이다	きになる
記入	기입하다	きにゅう
記念	기념	きねん
機能	기능	きのう
基本	기본	きほん
希望	희망	きぼう
決まり	규칙	きまり
急	급하다, 갑작스럽다, (경사가) 가파르다	きゅう
休暇	휴가	きゅうか
休日	휴일	きゅうじつ
給与	급여	きゅうよ
給料	급여	きゅうりょう
急ブレーキ	급제동	きゅうブレーキ
強化	강화	きょうか
教師	교사	きょうし
教授	교수	きょうじゅ
共通	공통	きょうつう
共通点	공통점	きょうつうてん
協力	협력	きょうりょく
曲線	곡선	きょくせん
距離	거리	きょり
嫌い	싫어하다	きらい
嫌う	싫어하다	きらう
気楽	마음이 편하다	きらく
規律	규율	きりつ
切れる	끊어지다, (기한이나 재고 등이) 다 되다, 화나다	きれる
記録	기록	きろく
金額	금액	きんがく
禁止	금지	きんし
緊張	긴장	きんちょう
勤務	근무	きんむ
議会	의회	ぎかい
疑問	의문	ぎもん
行事	행사	ぎょうじ
業績	업적	ぎょうせき
ぎりぎり	빠듯하다	ぎりぎり
空席	빈자리	くうせき
空中	공중	くうちゅう
区間	구간	くかん
区切る	구분하다	くぎる
くしゃみ	재채기	くしゃみ
苦情	불평	くじょう
薬指	약손가락	くすりゆび
癖	버릇	くせ
くたびれる	지치다, (물건이) 낡다	くたびれる
下る	내려가다, 밑돌다, 설사하다	くだる
口紅	립스틱	くちべに
苦痛	고통	くつう
配る	나누어 주다	くばる
首になる	해고되다	くびになる
工夫	궁리	くふう
区別	구별	くべつ
組合	조합	くみあい
組む	(팔짱을) 끼다, 짜다, 손잡다	くむ
悔しい	분하다	くやしい
暮らす	살다	くらす
繰り返し	반복	くりかえし
繰り返す	반복하다	くりかえす
苦しい	힘들다, 난처하다, (형편이) 어렵다	くるしい
苦しむ	괴로워하다	くるしむ
苦労	고생	くろう
加える	더하다, 포함시키다, (피해를) 가하다	くわえる
詳しい	자세하다, 잘 알다	くわしい
加わる	더해지다	くわわる
訓練	훈련	くんれん
偶然	우연	ぐうぜん
ぐっすり	푹	ぐっすり
ぐらぐら	흔들흔들, (물이) 펄펄 끓다	ぐらぐら
経営学	경영학	けいえいがく
警官	경찰관	けいかん
景気	경기	けいき
経験者	경험자	けいけんしゃ
敬語	경어	けいご
警察官	경찰관	けいさつかん
携帯	휴대, 휴대전화	けいたい
経由	경유	けいゆ
怪我	부상	けが
化粧	화장	けしょう
ケチ	쩨쩨하다	けち
結局	결국	けっきょく
結婚式	결혼식	けっこんしき
決勝	결승	けっしょう
欠席	결석	けっせき
血圧	혈압	けつあつ
血液	혈액	けつえき
血液型	혈액형	けつえきがた
結論	결론	けつろん
気配	기미	けはい
煙	연기	けむり
蹴る	차다	ける
件	건	けん
券	표	けん
喧嘩	싸움	けんか
研究室	연구실	けんきゅうしつ
検査	검사	けんさ
建設	건설	けんせつ
建築	건축	けんちく
検討	검토하다	けんとう
件名	제목	けんめい
芸術	예술	げいじゅつ
外科	외과	げか
劇的	극적이다	げきてき
下車	하차	げしゃ
下駄	게다	げた
月末	월말	げつまつ
下品	품위가 없다	げひん
現金	현금	げんきん
現在	현재	げんざい
減少	감소	げんしょう
現象	현상	げんしょう
現実	현실	げんじつ
現代	현대	げんだい
現代人	현대인	げんだいじん
限度	한도	げんど
原料	원료	げんりょう
恋	사랑	こい
恋しい	그립다	こいしい
恋人	연인	こいびと
行為	행위	こうい
幸運	행운	こううん
効果	효과	こうか
高価	값비싸다	こうか
後悔	후회	こうかい
効果的	효과적이다	こうかてき
交換	교환	こうかん
交換留学	교환 유학	こうかんりゅうがく
工学	공학	こうがく
後期	후기	こうき
公共交通機関	대중교통	こうきょうこうつうきかん
公共料金	공공요금	こうきょうりょうきん
講義	강의	こうぎ
孝行	효도	こうこう
広告	광고	こうこく
交際	교제	こうさい
口座	계좌	こうざ
高速	고속, 고속도로	こうそく
高速道路	고속도로	こうそくどうろ
交代	교대	こうたい
紅茶	홍차	こうちゃ
交通事故	교통사고	こうつうじこ
校庭	교정	こうてい
後輩	후배	こうはい
後半	후반	こうはん
幸福	행복	こうふく
紅葉	단풍	こうよう
公立	공립	こうりつ
効率	효율	こうりつ
交流	교류	こうりゅう
交流会	교류회	こうりゅうかい
効力	효력	こうりょく
高齢者	고령자	こうれいしゃ
越える	넘다	こえる
小型	소형	こがた
呼吸	호흡	こきゅう
国語	국어	こくご
国際	국제	こくさい
黒板	칠판	こくばん
国立	국립	こくりつ
腰	허리	こし
個人	개인	こじん
子育て	육아	こそだて
国家	국가	こっか
国会	국회	こっかい
こっそり	몰래	こっそり
断る	거절하다, 미리 양해를 구하다	ことわる
粉	가루	こな
この間	얼마 전	このあいだ
この頃	요즘	このごろ
好み	취향	このみ
好む	좋아하다	このむ
こぼす	엎지르다, 불평하다	こぼす
転がす	굴리다, 넘어뜨리다	ころがす
転がる	굴러가다, 눕다, 널려 있다	ころがる
殺す	죽이다	ころす
怖がる	무서워하다	こわがる
今後	앞으로	こんご
混雑	혼잡하다	こんざつ
困難	곤란하다	こんなん
合計	합계	ごうけい
合流	합류	ごうりゅう
語学	어학	ごがく
後日	후일	ごじつ
ごみ	쓰레기	ごみ
差	차이	さ
最高	최고	さいこう
最終	최종, 마지막 교통편	さいしゅう
最終日	마지막 날	さいしゅうび
最小限	최소한	さいしょうげん
最新	최신	さいしん
祭日	공휴일	さいじつ
再生	재생	さいせい
最低	최저, 최악	さいてい
採点	채점	さいてん
坂道	비탈길	さかみち
作業	작업	さぎょう
作者	작자	さくしゃ
削除	삭제	さくじょ
作成	작성	さくせい
昨年	작년	さくねん
作品	작품	さくひん
昨夜	어젯밤	さくや
下げる	(높이나 수치나 지위 등을) 내리다, 걸다, 치우다	さげる
差出人	발신인	さしだしにん
差す	(우산을) 쓰다, 빛이 비치다	さす
左折	좌회전	させつ
作曲	작곡	さっきょく
早速	즉시	さっそく
撮影	촬영	さつえい
殺人	살인	さつじん
様々	다양하다	さまざま
冷ます	식히다	さます
覚ます	깨다	さます
冷める	식다	さめる
覚める	깨다	さめる
左右	좌우, 좌우하다	さゆう
猿	원숭이	さる
騒がしい	시끄럽다	さわがしい
騒ぎ	소동	さわぎ
参加費	참가비	さんかひ
参考	참고	さんこう
ざあざあ	쏴쏴, 지지직	ざあざあ
材料	재료	ざいりょう
材料費	재료비	ざいりょうひ
座席	좌석	ざせき
ざっと	대충	ざっと
残業	잔업	ざんぎょう
詩	시	し
幸せ	행복	しあわせ
しいん	쥐 죽은 듯 조용하다	しいん
塩	소금	しお
塩辛い	짜다	しおからい
四季	사계절	しき
支給	지급하다	しきゅう
資源	자원	しげん
死後	사후	しご
支社	지사	ししゃ
指示	지시	しじ
市場	시장	しじょう
詩人	시인	しじん
静かに	조용히	しずかに
沈む	가라앉다, (해가) 지다	しずむ
姿勢	자세	しせい
施設	시설	しせつ
自然	자연, 자연스럽다	しぜん
下書き	초안	したがき
次第に	점차	しだいに
湿気	습기	しっけ
失業	실업	しつぎょう
しつこい	집요하다, 느끼하다	しつこい
室内	실내	しつない
失恋	실연	しつれん
指定席	지정석	していせき
私鉄	민영 철도	してつ
支店	지점	してん
指導	지도	しどう
始発駅	시발역	しはつえき
支払う	지불하다	しはらう
志望	지망	しぼう
死亡	사망	しぼう
染み	얼룩, (피부의) 기미	しみ
氏名	성명	しめい
締め切り	마감	しめきり
示す	보여 주다, 가리키다	しめす
～者	~자	しゃ
しゃがむ	쪼그려 앉다	しゃがむ
車庫	차고	しゃこ
社説	사설	しゃせつ
しゃっくり	딸꾹질	しゃっくり
しゃべる	말하다	しゃべる
車輪	바퀴	しゃりん
週刊誌	주간지	しゅうかんし
集合	집합	しゅうごう
修正	수정	しゅうせい
収入	수입	しゅうにゅう
周辺	주변	しゅうへん
修理	수리	しゅうり
終了	종료	しゅうりょう
縮小	축소	しゅくしょう
祝日	공휴일	しゅくじつ
首相	총리	しゅしょう
手術	수술	しゅじゅつ
手段	수단	しゅだん
主張	주장	しゅちょう
出勤	출근	しゅっきん
出血	출혈	しゅっけつ
出発日	출발일	しゅっぱつび
首都	수도	しゅと
主婦	주부	しゅふ
主要	주요하다	しゅよう
種類	종류	しゅるい
消化	소화	しょうか
消極的	소극적이다	しょうきょくてき
商業	상업	しょうぎょう
正午	정오	しょうご
詳細	상세하다	しょうさい
少々	조금	しょうしょう
小食	소식	しょうしょく
正直	정직하다	しょうじき
少女	소녀	しょうじょ
小中学生	초중학생	しょうちゅうがくせい
商店	상점	しょうてん
商人	상인	しょうにん
少年	소년	しょうねん
商売	장사	しょうばい
消費	소비	しょうひ
商品	상품	しょうひん
消防	소방	しょうぼう
証明	증명	しょうめい
正面	정면	しょうめん
勝利	승리	しょうり
初級	초급	しょきゅう
職業	직업	しょくぎょう
食後	식후	しょくご
食費	식비	しょくひ
植物	식물	しょくぶつ
初心者	초보자	しょしんしゃ
書店	서점	しょてん
使用料	사용료	しようりょう
使用量	사용량	しようりょう
知らせ	소식, 예감	しらせ
知り合い	아는 사람	しりあい
知り合う	서로 알게 되다	しりあう
私立	사립	しりつ
白	하양, 결백	しろ
新幹線	신칸센	しんかんせん
進学	진학	しんがく
深呼吸	심호흡	しんこきゅう
診察	진찰	しんさつ
信じる	믿다	しんじる
申請	신청	しんせい
新鮮	신선하다	しんせん
身体	신체	しんたい
身長	키	しんちょう
新入部員	신입 부원	しんにゅうぶいん
進歩	진보	しんぽ
親友	절친한 친구	しんゆう
信用	신용	しんよう
信頼	신뢰	しんらい
心理	심리	しんり
森林	삼림	しんりん
寺院	사찰	じいん
次回	다음번	じかい
時間割	시간표	じかんわり
時給	시급	じきゅう
事項	사항	じこう
時刻	시각	じこく
時刻表	(운행) 시간표	じこくひょう
自己紹介	자기소개	じこしょうかい
事故に遭う	사고를 당하다	じこにあう
事後	사후	じご
時差	시차	じさ
持参	지참	じさん
自習	자습	じしゅう
自信	자신감	じしん
自身	자신	じしん
事実	사실	じじつ
次女	둘째 딸	じじょ
事前	사전	じぜん
時速	시속	じそく
実家	본가	じっか
実際に	실제로	じっさいに
実施	실시하다	じっし
じっと	가만히 있다, 유심히	じっと
実現	실현	じつげん
実は	실은	じつは
実物	실물	じつぶつ
実力	실력	じつりょく
自動化	자동화	じどうか
自動車会社	자동차 회사	じどうしゃがいしゃ
自動的	자동적이다	じどうてき
自動販売機	자동판매기	じどうはんばいき
次男	차남	じなん
自分自身	자기 자신	じぶんじしん
自慢	자랑	じまん
事務	사무	じむ
地面	땅	じめん
蛇口	수도꼭지	じゃぐち
渋滞	정체	じゅうたい
重大	중대하다	じゅうだい
授業料	수업료	じゅぎょうりょう
受験番号	수험번호	じゅけんばんごう
受講	수강	じゅこう
受信	수신	じゅしん
受話器	수화기	じゅわき
順位	순위	じゅんい
順番	차례	じゅんばん
自由席	자유석	じゆうせき
上級	상급	じょうきゅう
状況	상황	じょうきょう
上下	상하	じょうげ
上司	상사	じょうし
常識	상식	じょうしき
乗車	승차	じょうしゃ
乗車券	승차권	じょうしゃけん
上旬	초순	じょうじゅん
状態	상태	じょうたい
上達	(기능이) 향상되다	じょうたつ
冗談	농담	じょうだん
上品	품위 있다	じょうひん
情報	정보	じょうほう
助言	조언	じょげん
女子	여자	じょし
人種	인종	じんしゅ
人生	인생	じんせい
酢	식초	す
吸い込む	빨아들이다	すいこむ
水道料金	수도 요금	すいどうりょうきん
睡眠	수면	すいみん
睡眠不足	수면 부족	すいみんぶそく
吸う	들이마시다, 빨다, 흡수하다	すう
数式	수식	すうしき
数字	숫자	すうじ
末っ子	막내	すえっこ
好き嫌い	호불호	すききらい
過ぎる	장소나 시간이 지나다, 수치나 기준을 넘다	すぎる
少なくとも	적어도	すくなくとも
少なくなる	적어지다	すくなくなる
少しずつ	조금씩	すこしずつ
過ごす	(시간을) 보내다	すごす
勧める	권하다	すすめる
進める	앞으로 나아가게 하다, 진행하다	すすめる
すっきり	개운하다, 깔끔하다	すっきり
すでに	이미	すでに
素直	고분고분하다, 솔직하다	すなお
素晴らしい	훌륭하다	すばらしい
全て	모두	すべて
滑る	미끄러지다	すべる
済ませる	끝내다, 때우다	すませる
図	그림	ず
図々しい	뻔뻔하다	ずうずうしい
ずきずき	욱신욱신	ずきずき
頭痛	두통	ずつう
図面	도면	ずめん
正解	정답	せいかい
性格	성격	せいかく
正確	정확하다	せいかく
生活費	생활비	せいかつひ
請求書	청구서	せいきゅうしょ
制限	제한	せいげん
制作	제작	せいさく
正座	정좌	せいざ
正式	정식	せいしき
性質	성질	せいしつ
青春	청춘	せいしゅん
青少年	청소년	せいしょうねん
政治家	정치가	せいじか
正常	정상	せいじょう
成人	성인	せいじん
成績	성적	せいせき
製造	제조	せいぞう
制度	제도	せいど
青年	청년	せいねん
生年月日	생년월일	せいねんがっぴ
製品	제품	せいひん
正門	정문	せいもん
整理	정리	せいり
咳	기침	せき
責任	책임	せきにん
石油	석유	せきゆ
接近	접근하다	せっきん
接待	접대	せったい
接続	접속	せつぞく
狭い	좁다	せまい
世話をする	보살피다	せわをする
戦	전쟁	せん
線	선	せん
浅海	얕은 바다	せんかい
専攻	전공	せんこう
洗剤	세제	せんざい
選択	선택	せんたく
洗濯機	세탁기	せんたくき
洗濯物	세탁물	せんたくもの
宣伝	선전	せんでん
扇風機	선풍기	せんぷうき
洗面所	세면실	せんめんじょ
専門	전문	せんもん
専門家	전문가	せんもんか
専用	전용	せんよう
線路	선로	せんろ
税	세금	ぜい
税金	세금	ぜいきん
税込み	세금 포함	ぜいこみ
絶対	절대	ぜったい
絶対に	절대로	ぜったいに
是非	꼭, 옳고 그름	ぜひ
前後	앞뒤, (수량이나 시점 뒤에서) 전후	ぜんご
全身	전신	ぜんしん
前日	전날	ぜんじつ
前半	전반부	ぜんはん
全～	전	ぜん～
騒音	소음	そうおん
早期	조기	そうき
送金	송금	そうきん
送信	송신	そうしん
掃除機	청소기	そうじき
創造	창조	そうぞう
想像	상상	そうぞう
相続	상속	そうぞく
早退	조퇴	そうたい
相当	상당하다, 상응하다	そうとう
送付	송부	そうふ
送別会	송별회	そうべつかい
送料	배송료	そうりょう
速達	속달	そくたつ
測定	측정	そくてい
測量	측량	そくりょう
底	바닥	そこ
注ぐ	붓다, (힘이나 주의를) 쏟다, 흘러들다	そそぐ
育つ	자라다	そだつ
そっくり	꼭 닮다, 몽땅	そっくり
そっと	살짝, 몰래	そっと
卒業式	졸업식	そつぎょうしき
袖	소매, 옆부분	そで
そのまま	그대로	そのまま
側	곁	そば
それぞれ	각각	それぞれ
存在	존재	そんざい
増加	증가	ぞうか
増減	증감	ぞうげん
存じる	알다, 생각하다	ぞんじる
体育	체육	たいいく
体温	체온	たいおん
退学	자퇴하다, 퇴학당하다	たいがく
体験	체험	たいけん
滞在	체류하다	たいざい
退職	퇴직	たいしょく
体重	체중	たいじゅう
逮捕	체포	たいほ
太陽光	태양광	たいようこう
大量	대량	たいりょう
高まる	높아지다	たかまる
高める	높이다	たかめる
宝	보물	たから
確かめる	확인하다	たしかめる
足し算	덧셈	たしざん
助かる	살아나다, 도움이 되다	たすかる
助ける	돕다, (목숨을) 살리다	たすける
戦い	싸움	たたかい
戦う	싸우다	たたかう
畳む	(옷이나 이불을) 개다	たたむ
立ち上がる	일어서다, 가동되다, 출범하다	たちあがる
立ち止まる	멈춰 서다	たちどまる
立場	입장	たちば
たった	(수량이) 겨우	たった
たっぷり	듬뿍, 충분히	たっぷり
経つ	(시간이) 지나다	たつ
縦	세로, 상하 관계	たて
他人	타인	たにん
頼み	부탁, 의지할 대상	たのみ
頼もしい	믿음직하다	たのもしい
たまたま	우연히, 가끔	たまたま
貯める	(돈을) 모으다	ためる
多様	다양하다	たよう
多様化	다양화	たようか
頼る	의지하다	たよる
多量	다량	たりょう
短気	성미가 급하다	たんき
単身	혼자서	たんしん
誕生	탄생	たんじょう
単に	단지	たんに
代金	대금	だいきん
大工	목수	だいく
大体	대체로, 애초에	だいたい
大統領	대통령	だいとうりょう
代表的	대표적이다	だいひょうてき
大部分	대부분	だいぶぶん
代理	대리	だいり
抱く	안다	だく
抱っこ	안다	だっこ
騙す	속이다, 달래다	だます
黙る	말을 하지 않다	だまる
誰も	누구나, 아무도	だれも
団子	경단	だんご
男子	남자	だんし
断水	단수	だんすい
団体	단체	だんたい
段取り	일의 순서	だんどり
血	피	ち
地域	지역	ちいき
地下	지하	ちか
地下水	지하수	ちかすい
チカチカ	반짝반짝, 눈이 부시다, 따끔따끔	ちかちか
近づく	가까워지다	ちかづく
近づける	가까워지게 하다	ちかづける
近道	지름길	ちかみち
力を注ぐ	힘을 쏟다	ちからをそそぐ
違い	차이, 잘못	ちがい
地球	지구	ちきゅう
地区	지구	ちく
知識	지식	ちしき
知人	지인	ちじん
ちっとも	(부정 표현과 함께) 조금도	ちっとも
地方	지방	ちほう
茶色い	갈색이다	ちゃいろい
中央	중앙	ちゅうおう
中華	중화	ちゅうか
中間	중간	ちゅうかん
中学	중학교	ちゅうがく
中級	중급	ちゅうきゅう
駐車	주차	ちゅうしゃ
中旬	중순	ちゅうじゅん
中年	중년	ちゅうねん
注目	주목	ちゅうもく
超過	초과	ちょうか
朝刊	조간	ちょうかん
調査	조사	ちょうさ
調子	가락, 상태	ちょうし
調子が悪い	상태가 좋지 않다	ちょうしがわるい
朝食	아침 식사	ちょうしょく
長時間	장시간	ちょうじかん
長男	장남	ちょうなん
調味料	조미료	ちょうみりょう
直後	직후	ちょくご
直接	직접	ちょくせつ
直線	직선	ちょくせん
直通	직통	ちょくつう
治療	치료	ちりょう
つい	바로, 무심코	つい
追加	추가	ついか
ついでに	하는 김에	ついでに
ついに	드디어	ついに
通過	통과	つうか
通勤	통근	つうきん
通信	통신	つうしん
通じる	통하다	つうじる
通知	통지	つうち
通帳	통장	つうちょう
通訳	통역, 통역사	つうやく
使い方	사용법	つかいかた
使い捨て用品	일회용품	つかいすてようひん
掴む	잡다, 파악하다	つかむ
疲れ	피로	つかれ
付き合う	사귀다, 함께해 주다	つきあう
月日	세월	つきひ
次々	잇달아	つぎつぎ
次の年	다음 해	つぎのとし
作り出す	만들어내다	つくりだす
伝わる	전해지다	つたわる
土	흙, 땅	つち
包み	꾸러미	つつみ
続いて	이어서	つづいて
続き	이어지는 부분, 계속됨〔N続き〕	つづき
続ける	계속하다	つづける
務める	(역할이나 직책을) 맡다	つとめる
常に	항상	つねに
妻	아내	つま
詰める	(용기나 빈틈에) 채워 넣다, (간격이나 길이를) 줄이다	つめる
積もる	쌓이다	つもる
強まる	강해지다	つよまる
強める	강하게 하다	つよめる
連れる	(사람이나 동물을) 데리고 가다	つれる
提案	제안	ていあん
定員	정원	ていいん
低下	저하	ていか
定期	정기, 정기권, 정기 예금	ていき
定期的	정기적이다	ていきてき
提供	제공하다	ていきょう
停止	정지	ていし
停車	정차	ていしゃ
提出	제출	ていしゅつ
停電	정전	ていでん
程度	정도	ていど
手首	손목	てくび
手品	마술	てじな
手伝い	도움	てつだい
手続き	절차	てつづき
鉄道	철도	てつどう
徹夜	밤샘	てつや
手に入る	손에 들어오다	てにはいる
寺	절	てら
天国	천국	てんごく
展示	전시	てんじ
点数	점수	てんすう
出会い	만남	であい
出会う	만나다	であう
出入り	출입, 수입과 지출, 증감	でいり
出来上がる	완성되다, 만취하다	できあがる
出来事	사건	できごと
出迎える	마중 나가다	でむかえる
電球	전구	でんきゅう
電気をつける	전등을 켜다	でんきをつける
電源	전원	でんげん
伝言	전언	でんごん
伝説	전설	でんせつ
伝染	전염	でんせん
伝達	전달	でんたつ
電柱	전봇대	でんちゅう
伝統	전통	でんとう
問い合わせ	문의	といあわせ
問い合わせる	문의하다	といあわせる
答案	답안	とうあん
統計	통계	とうけい
投資	투자	とうし
当日	당일	とうじつ
登場	등장	とうじょう
当選	당선, 당첨	とうせん
当然	당연하다	とうぜん
灯台	등대	とうだい
東南アジア	동남아시아	とうなんアジア
投票	투표	とうひょう
遠回り	우회	とおまわり
通り過ぎる	지나가다	とおりすぎる
溶かす	녹이다	とかす
溶く	풀다	とく
解く	풀다	とく
特長	장점	とくちょう
特売	특가 판매	とくばい
得票	득표	とくひょう
溶ける	녹다	とける
床の間	도코노마	とこのま
年上	연상	としうえ
年月	세월	としつき
都心	도심	としん
閉じる	닫다	とじる
土地	토지, 지역	とち
特急券	특급권	とっきゅうけん
とっくに	진작에	とっくに
突然	갑자기	とつぜん
飛ばす	날리다, 건너뛰다, 속력을 내다	とばす
飛び込む	뛰어들다	とびこむ
徒歩	도보	とほ
留まる	멈추다, 내려앉다	とまる
泊める	묵게 하다	とめる
友	벗	とも
友達	친구	ともだち
虎	호랑이	とら
取り消す	취소하다	とりけす
取り出す	꺼내다	とりだす
取り付ける	설치하다, (동의 등을) 얻어 내다	とりつける
取引	거래	とりひき
とんとん	톡톡, 순조롭게, 수지가 맞다	とんとん
同意	동의	どうい
動作	동작, 작동하다	どうさ
同時	동시	どうじ
同窓会	동창회	どうそうかい
どうぞ	부디, 어서, 여기요	どうぞ
どきどき	두근두근	どきどき
独特	독특하다	どくとく
独立	독립	どくりつ
怒鳴る	고함치다	どなる
努力	노력	どりょく
泥	진흙	どろ
名	이름	な
内科	내과	ないか
内緒	비밀	ないしょ
内緒にする	비밀로 하다	ないしょにする
内線	내선	ないせん
内部	내부	ないぶ
治す	치료하다	なおす
仲	(사람 간의) 사이	なか
仲直り	화해	なかなおり
仲間	동료	なかま
中身	속, 내용	なかみ
中指	가운뎃손가락	なかゆび
仲良し	사이가 좋다	なかよし
流す	흘리다, 무산시키다	ながす
流れ	흐름	ながれ
流れる	흐르다, 무산되다	ながれる
泣き声	울음소리	なきごえ
泣く	울다	なく
亡くす	여의다	なくす
慰める	위로하다	なぐさめる
投げる	던지다	なげる
なだらか	완만하다	なだらか
懐かしい	그립다	なつかしい
斜め	삐딱하다	ななめ
鍋料理	전골 요리	なべりょうり
生	생	なま
怠ける	게으름 피우다	なまける
波	파도	なみ
涙	눈물	なみだ
悩み	고민	なやみ
習い事	배우는 일	ならいごと
鳴らす	소리를 내다, 이름을 떨치다	ならす
南北	남북	なんぼく
匂い	냄새	におい
握る	쥐다	にぎる
日時	일시	にちじ
日常	일상	にちじょう
日用品	일용품	にちようひん
日課	일과	にっか
日本酒	사케	にほんしゅ
入荷	입고	にゅうか
入金	입금	にゅうきん
入室	입실	にゅうしつ
入場料	입장료	にゅうじょうりょう
入門	입문	にゅうもん
入浴	목욕	にゅうよく
入力	입력	にゅうりょく
煮る	끓여 익히다	にる
鶏	닭	にわとり
人間	인간	にんげん
人数	인원수	にんずう
抜ける	빠지다, 빠져나가다, 누락되다	ぬける
濡らす	적시다	ぬらす
ぬるい	미지근하다	ぬるい
根	뿌리, 본성	ね
値上げ	인상	ねあげ
願い	바람	ねがい
値下げ	가격 인하	ねさげ
ねずみ	쥐	ねずみ
値段	가격	ねだん
年間	연간	ねんかん
年賀状	연하장	ねんがじょう
年中	일 년 내내, 항상	ねんじゅう
年代	연대	ねんだい
燃料	연료	ねんりょう
年齢	연령	ねんれい
野	들	の
農業	농업	のうぎょう
農村	농촌	のうそん
農民	농민	のうみん
能力	능력	のうりょく
残す	남기다	のこす
残り	나머지	のこり
載せる	올리다	のせる
伸ばす	늘이다, 기르다	のばす
延ばす	연기하다, 연장하다	のばす
伸びる	뻗다, 펴지다, 실력이나 수치가 늘다	のびる
述べる	말하다	のべる
上り	위로 향함	のぼり
上る	오르다	のぼる
飲み会	술자리	のみかい
海苔	김	のり
乗り遅れる	놓치다	のりおくれる
乗り換える	갈아타다	のりかえる
乗り越し	내릴 역을 지나침	のりこし
載る	실리다	のる
のろのろ	느릿느릿	のろのろ
のんびり	느긋하게	のんびり
葉	잎	は
配達	배달	はいたつ
生える	(풀이나 치아나 털이) 나다	はえる
測る	재다	はかる
はきはき	또박또박	はきはき
吐く	토하다, 내뱉다	はく
掃く	쓸다	はく
激しい	격렬하다	はげしい
箸	젓가락	はし
畑	밭, 분야	はたけ
働き	일, 활약, 작용	はたらき
働き者	부지런한 사람	はたらきもの
発刊	발간	はっかん
発行	발행	はっこう
発射	발사	はっしゃ
発生	발생	はっせい
発想	발상	はっそう
発達	발달	はったつ
発展	발전	はってん
発言	발언	はつげん
発電	발전	はつでん
発売	발매	はつばい
鼻	코	はな
話し合い	논의	はなしあい
話し合う	의논하다	はなしあう
話しかける	말을 걸다	はなしかける
話し中	이야기 중	はなしちゅう
離す	떼다	はなす
鼻水	콧물	はなみず
歯磨き	양치질, 치약	はみがき
早口	말이 빠름	はやくち
早寝早起き	일찍 자고 일찍 일어나기	はやねはやおき
早めに	일찌감치	はやめに
流行る	유행하다, 번창하다	はやる
腹	배, 속마음	はら
払い戻す	환불하다	はらいもどす
範囲	범위	はんい
反映	반영	はんえい
犯罪	범죄	はんざい
反射	반사	はんしゃ
反する	어긋나다	はんする
反省	반성하다	はんせい
判断	판단	はんだん
判断力	판단력	はんだんりょく
犯人	범인	はんにん
販売	판매	はんばい
倍	~배	ばい
売店	매점	ばいてん
倍率	배율, 경쟁률	ばいりつ
バック	후진, 배경	ばっく
ばったり	털썩, 뜻밖에 마주치다, 뚝	ばったり
バラバラ	따로따로	ばらばら
番	번호, 차례	ばん
番地	번지	ばんち
日当たり	햇볕이 듦, 하루당	ひあたり
比較	비교	ひかく
日帰り	당일치기	ひがえり
引き受ける	(일이나 역할을) 맡다, 인수하다	ひきうける
引き落とす	(계좌에서) 자동 출금하다	ひきおとす
引き算	뺄셈	ひきざん
引き出す	꺼내다, 인출하다, 이끌어 내다	ひきだす
弾く	(현악기나 건반 악기를) 연주하다	ひく
飛行	비행	ひこう
非常に	매우	ひじょうに
筆記	필기	ひっき
人差し指	검지	ひとさしゆび
人々	사람들	ひとびと
一人息子	외아들	ひとりむすこ
一人娘	외동딸	ひとりむすめ
批判	비판	ひはん
批評	비평	ひひょう
暇	틈	ひま
日焼け	햇볕에 타다	ひやけ
評価	평가	ひょうか
表現力	표현력	ひょうげんりょく
表情	표정	ひょうじょう
表面	표면	ひょうめん
評論	평론	ひょうろん
費用	비용	ひよう
昼寝	낮잠	ひるね
広げる	넓히다, 펼치다	ひろげる
広まる	널리 퍼지다	ひろまる
貧困	빈곤	ひんこん
美術	미술	びじゅつ
秒	초	びょう
美容	미용	びよう
瓶詰め	병에 담다	びんづめ
ピカピカ	반짝반짝, 새것이다	ぴかぴか
ぴったり	딱	ぴったり
不安	불안하다	ふあん
風景	풍경	ふうけい
夫婦	부부	ふうふ
不可能	불가능	ふかのう
深まる	깊어지다	ふかまる
復学	복학	ふくがく
複雑	복잡하다	ふくざつ
複数	복수	ふくすう
服装	복장	ふくそう
腹痛	복통	ふくつう
袋	봉지	ふくろ
不具合	이상	ふぐあい
不合格	불합격	ふごうかく
夫妻	부부	ふさい
不自由	자유롭지 못하다, 부족하다	ふじゆう
防ぐ	막다	ふせぐ
不足	부족	ふそく
普段	평소	ふだん
縁	가장자리	ふち
沸騰	(액체가) 끓어오르다	ふっとう
普通	보통이다, 보통열차	ふつう
筆	붓	ふで
ふと	문득	ふと
父母	부모	ふぼ
不満	불만	ふまん
踏切	철도 건널목, 결단	ふみきり
増やす	늘리다	ふやす
ふらふら	비틀비틀, 마음이 흔들리다	ふらふら
振り込み	계좌 이체	ふりこみ
振る	흔들다, (연애 상대를) 차다	ふる
触れる	닿다, 언급하다, (법 등에) 저촉되다	ふれる
雰囲気	분위기	ふんいき
部	부서, 동아리	ぶ
部下	부하	ぶか
物質	물질	ぶっしつ
ぶつける	부딪치다	ぶつける
ぶつぶつ	투덜투덜, 피부에 돋은 발진	ぶつぶつ
物理	물리	ぶつり
部品	부품	ぶひん
ぶらぶら	흔들흔들, 어슬렁어슬렁, 빈둥빈둥	ぶらぶら
文献	문헌	ぶんけん
文書	문서	ぶんしょ
分数	분수	ぶんすう
分布	분포	ぶんぷ
文房具	문구류	ぶんぼうぐ
分野	분야	ぶんや
分量	분량	ぶんりょう
分類	분류	ぶんるい
平気	태연하다, 괜찮다	へいき
平均	평균	へいきん
減る	줄다	へる
変化	변화	へんか
変身	변신	へんしん
米国	미국	べいこく
ベスト	가장 좋다	べすと
別に	별로, 따로	べつに
別々	따로따로	べつべつ
別々に	따로따로	べつべつに
弁護士	변호사	べんごし
ぺこぺこ	배가 몹시 고프다, 굽실거리다	ぺこぺこ
ぺらぺら	술술 말하다, 얇고 허술하다	ぺらぺら
方角	방향	ほうがく
報告	보고	ほうこく
法則	법칙	ほうそく
包丁	식칼	ほうちょう
方法	방법	ほうほう
方面	방면	ほうめん
訪問	방문	ほうもん
吠える	(짐승이) 짖다	ほえる
捕獲	포획	ほかく
保健	보건	ほけん
ほこり	먼지	ほこり
星	별	ほし
干す	(널어) 말리다, (잔을) 비우다, (사람에게) 일을 주지 않다	ほす
細い	가늘다	ほそい
細長い	가늘고 길다	ほそながい
保存	보존하다, (파일을) 저장하다	ほぞん
歩道	보도	ほどう
歩道橋	육교	ほどうきょう
褒める	칭찬하다	ほめる
本店	본점, 이 가게	ほんてん
本人	본인	ほんにん
本部	본부	ほんぶ
忘年会	송년회	ぼうねんかい
防犯	방범	ぼうはん
募集	모집	ぼしゅう
坊ちゃん	도련님	ぼっちゃん
毎度	매번, 늘 감사합니다	まいど
前もって	사전에	まえもって
任せる	맡기다	まかせる
巻く	감다	まく
負け	패배, 걸맞지 않음	まけ
曲げる	굽히다, 왜곡하다	まげる
孫	손주	まご
まごまご	어쩔 줄 몰라 하다	まごまご
まさか	설마, 만일	まさか
交ざる	섞이다	まざる
交じる	섞이다	まじる
ますます	점점	ますます
貧しい	가난하다, 빈약하다	まずしい
混ぜる	섞다	まぜる
街	동네, 거리	まち
待ち合わせ	만날 약속	まちあわせ
待ち合わせる	만나기로 하다	まちあわせる
間違い	잘못, 사고	まちがい
間違う	틀리다	まちがう
真っ赤	새빨갛다	まっか
真っ暗	캄캄하다	まっくら
真っ黒	새까맣다	まっくろ
真っ青	새파랗다	まっさお
真っ白	새하얗다	まっしろ
全く	전혀	まったく
松	소나무, 최상급	まつ
まとまる	하나로 정리되다	まとまる
まとめる	정리하다, 마무리하다	まとめる
窓側	창가 쪽	まどがわ
まな板	도마	まないた
真似	흉내, 짓	まね
眩しい	눈부시다	まぶしい
豆	콩	まめ
守る	지키다	まもる
迷う	(길을) 헤매다, 망설이다	まよう
丸	원, 전체	まる
丸い	둥글다	まるい
回す	돌리다	まわす
周り	둘레, 주변	まわり
回り	돎, 한 치수, 12년	まわり
回り道	우회	まわりみち
満員	만원	まんいん
満足	만족	まんぞく
満点	만점	まんてん
身	몸, 신분, 본체	み
見上げる	우러러보다	みあげる
見送り	배웅, 보류	みおくり
見送る	배웅하다, 버스나 공이나 기회를 그냥 보내다, 보류하다	みおくる
見下ろす	내려다보다	みおろす
見返す	다시 보다, 되돌아보다, 보란 듯이 되갚아 주다	みかえす
水着	수영복	みずぎ
見つける	발견하다	みつける
見直し	재검토	みなおし
身につける	익히다, 몸에 걸치다	みにつける
見本	견본, 본보기	みほん
見舞う	문병하다, 공격하다	みまう
未来	미래	みらい
魅力的	매력적이다	みりょくてき
診る	진찰하다	みる
民間	민간	みんかん
向かう	향하다	むかう
無休	무휴	むきゅう
剥く	(껍질을) 벗기다	むく
向く	향하다, 적합하다	むく
無視	무시	むし
無地	민무늬	むじ
蒸す	찌다	むす
息子	아들	むすこ
結ぶ	묶다, 맺다	むすぶ
娘	딸, 젊은 여자	むすめ
娘の息子	딸의 아들	むすめのむすこ
無線	무선	むせん
無駄	낭비	むだ
無駄遣い	낭비	むだづかい
胸	가슴	むね
無理	무리, 무리하게(無理に)	むり
名作	명작	めいさく
名人	명인	めいじん
命令	명령	めいれい
迷惑	폐	めいわく
迷惑をかける	폐를 끼치다	めいわくをかける
眼鏡	안경	めがね
目覚まし	자명종, 잠 깨기	めざまし
飯	밥	めし
召し上がる	드시다	めしあがる
目立つ	눈에 띄다	めだつ
滅多にない	좀처럼 없다	めったにない
めまい	어지럼증	めまい
面接	면접	めんせつ
免税	면세	めんぜい
面倒くさい	귀찮다	めんどうくさい
申し込み	신청	もうしこみ
申込者	신청자	もうしこみしゃ
申し込む	신청하다, 제의하다	もうしこむ
申し訳ない	죄송하다	もうしわけない
もう少し	조금 더	もうすこし
毛布	담요	もうふ
燃える	불타다	もえる
模擬	모의	もぎ
目的	목적	もくてき
目標	목표	もくひょう
持ち帰る	가지고 돌아가다	もちかえる
もちろん	물론	もちろん
もったいない	아깝다, 과분하다	もったいない
求める	바라다, 요구하다, 찾다	もとめる
者	사람	もの
物置	창고	ものおき
物語	이야기	ものがたり
物忘れ	건망증	ものわすれ
紅葉	단풍, 단풍나무	もみじ
桃	복숭아	もも
燃やす	불태우다	もやす
模様	무늬, 상황, ~인 모양이다(～模様だ)	もよう
最寄り	가장 가까운 곳	もより
盛る	담다, 쌓아 올리다, 과장하다	もる
文句	불평, 문구	もんく
野球	야구	やきゅう
焼く	굽다	やく
約	약	やく
訳する	번역하다	やくする
役立つ	도움이 되다	やくだつ
役にたたない	도움이 되지 않다	やくにたたない
役割	역할	やくわり
火傷	데다	やけど
家賃	집세	やちん
雇う	고용하다	やとう
破れる	(종이나 천 등이) 찢어지다, (협상이나 계획 등이) 깨지다	やぶれる
山登り	등산	やまのぼり
辞める	(직장 등을) 그만두다	やめる
やり方	방식	やりかた
やり取り	주고받음	やりとり
やり直す	다시 하다	やりなおす
やる気	의욕	やるき
遊園地	유원지	ゆうえんち
夕刊	석간	ゆうかん
勇気	용기	ゆうき
夕食	저녁 식사	ゆうしょく
友情	우정	ゆうじょう
郵送	우편으로 보내다	ゆうそう
夕立	여름철 소나기	ゆうだち
夕日	석양	ゆうひ
郵便	우편	ゆうびん
夕焼け	저녁노을	ゆうやけ
有料	유료	ゆうりょう
床	바닥	ゆか
緩い	느슨하다, 엄하지 않다, 완만하다	ゆるい
許す	허락하다, 용서하다	ゆるす
揺れる	흔들리다	ゆれる
夜明け	동틀 녘	よあけ
酔う	취하다, 멀미하다	よう
容器	용기	ようき
用件	용건	ようけん
用紙	용지	ようし
幼児	유아	ようじ
様子	상태, 모습, 기미	ようす
幼稚園	유치원	ようちえん
預金	예금	よきん
翌朝	다음 날 아침	よくあさ
翌週	다음 주	よくしゅう
翌日	다음 날	よくじつ
翌年	이듬해	よくねん
欲張り	욕심이 많다	よくばり
横	가로, 옆	よこ
横切る	가로지르다	よこぎる
よこす	보내다, 건네다	よこす
汚す	더럽히다	よごす
予算	예산	よさん
予想	예상	よそう
夜空	밤하늘	よぞら
酔っ払う	술에 취하다	よっぱらう
四つ角	네 모퉁이, 사거리	よつかど
呼びかける	부르다, 호소하다	よびかける
呼び出す	호출하다	よびだす
喜び	기쁨	よろこび
弱まる	약해지다	よわまる
弱める	약하게 하다	よわめる
来店	(가게를) 방문하다	らいてん
楽	편하다, 쉽다	らく
落下	낙하	らっか
理科	이과, 과학	りか
離婚	이혼	りこん
理想	이상	りそう
流行	유행	りゅうこう
量	양	りょう
～料	~료	りょう
両替	환전	りょうがえ
両側	양쪽	りょうがわ
漁師	어부	りょうし
履歴書	이력서	りれきしょ
留守番	집 지키기	るすばん
留守番電話	자동 응답 전화	るすばんでんわ
冷凍	냉동	れいとう
歴史	역사	れきし
列	줄	れつ
連休	연휴	れんきゅう
連続	연속	れんぞく
録画	녹화	ろくが
路面	노면	ろめん
若者	젊은이	わかもの
分かりやすい	알기 쉽다	わかりやすい
別れ	이별	わかれ
わがまま	제멋대로다	わがまま
和室	일본식 방	わしつ
和食	일식	わしょく
わずか	조금	わずか
渡り鳥	철새	わたりどり
笑い	웃음	わらい
割合	비율, 비교적	わりあい
割り算	나눗셈	わりざん
割引	할인	わりびき
割れる	깨지다, 나뉘다, 드러나다	われる
アイスクリーム	아이스크림	アイスクリーム
アイデア	아이디어	アイデア
アウト	아웃	アウト
アクセス	교통 접근성, 접속	アクセス
アップ	상승, 업로드, 클로즈업	アップ
アップサイクル	업사이클	アップサイクル
アドバイス	조언	アドバイス
アドレス	주소	アドレス
アナウンス	안내 방송, 공식 발표	アナウンス
アルバム	앨범	アルバム
アルミホイル	알루미늄 포일	アルミホイル
アレルギー	알레르기	アレルギー
アンテナ	안테나	アンテナ
イコール	같다, 등호	イコール
イメージ	이미지	イメージ
インク	잉크	インク
インスタント	인스턴트	インスタント
インターネット	인터넷	インターネット
インフルエンザ	독감	インフルエンザ
エネルギー	에너지	エネルギー
エプロン	앞치마	エプロン
エンジン	엔진	エンジン
オペラ	오페라	オペラ
オーダー	주문	オーダー
オーバー	초과하다, 과장되다	オーバー
オープン	오픈	オープン
カタログ	카탈로그	カタログ
カット	자르다, 줄이다, 컷	カット
カバー	덮개, 포괄하다, 보완하다	カバー
カフェイン	카페인	カフェイン
カラー	색깔, 염색	カラー
カード	카드	カード
カーナビ	차량용 내비게이션	カーナビ
カーブ	커브	カーブ
カーペット	카펫	カーペット
ガソリン代	기름값	ガソリンだい
キャンセル	취소	キャンセル
キャンパス	캠퍼스	キャンパス
キャンプ	캠핑	キャンプ
クリック	클릭	クリック
クリーニング	세탁	クリーニング
クーラー	에어컨, 쿨러	クーラー
グラウンド	운동장	グラウンド
グループ	그룹	グループ
コミュニケーション	의사소통	コミュニケーション
コンテスト	콘테스트	コンテスト
コンビニ	편의점	コンビニ
コース	코스	コース
サイン	서명, 신호	サイン
サボる	땡땡이치다	サボる
サラリーマン	회사원	サラリーマン
シェフ	셰프	シェフ
シャトルバス	셔틀버스	シャトルバス
ショップ	가게	ショップ
スイーツ	디저트	スイーツ
スカーフ	스카프	スカーフ
スクール	스쿨	スクール
スケート	스케이트	スケート
スタート	시작	スタート
ストップ	멈춤	ストップ
ストレス	스트레스	ストレス
ストーリー	스토리	ストーリー
スピーチ	연설	スピーチ
スピード	속도	スピード
スペース	공간	スペース
セール	세일	セール
ソファー	소파	ソファー
タイトル	제목	タイトル
ダイヤモンド	다이아몬드	ダイヤモンド
ダイヤル	다이얼	ダイヤル
ダム	댐	ダム
チップ	팁, 칩	チップ
ツアー	투어	ツアー
テイクアウト	테이크아웃	テイクアウト
テーマ	주제	テーマ
デザート	디저트	デザート
デジカメ	디지털카메라	デジカメ
トップ	톱, 첫 화면	トップ
トンネル	터널	トンネル
ドライヤー	드라이어	ドライヤー
ネックレス	목걸이	ネックレス
ネット	네트워크, 인터넷, 그물	ネット
ノック	노크	ノック
ハイキング	하이킹	ハイキング
ハンドバッグ	핸드백	ハンドバッグ
ハート	하트	ハート
バイク	바이크	バイク
バケツ	양동이	バケツ
バーゲン	바겐세일	バーゲン
パス	패스	パス
パンフレット	팸플릿	パンフレット
ヒント	힌트	ヒント
ビタミン	비타민	ビタミン
ビデオ	비디오	ビデオ
ビニール	비닐	ビニール
ファストフード	패스트푸드	ファストフード
ファスナー	지퍼	ファスナー
ファックス	팩스	ファックス
ファン	팬, 선풍기	ファン
ブラウス	블라우스	ブラウス
ブラシ	브러시	ブラシ
ブレーキ	브레이크	ブレーキ
ブーム	붐	ブーム
プラス	플러스, 양성	プラス
プラン	계획	プラン
プリンター	프린터	プリンター
ベルト	벨트	ベルト
ホームページ	홈페이지	ホームページ
ボタン	단추	ボタン
ボーナス	보너스	ボーナス
マイク	마이크	マイク
マイナス	마이너스	マイナス
マナー	매너	マナー
マフラー	머플러	マフラー
マンション	아파트	マンション
ミス	실수	ミス
ミルク	우유, 분유, 연유	ミルク
メッセージ	메시지	メッセージ
メンバー	멤버	メンバー
メールアドレス	메일 주소	メールアドレス
ユーモア	유머	ユーモア
ヨガ	요가	ヨガ
ライオン	사자	ライオン
ランニング	달리기, 러닝셔츠	ランニング
リサイクル	재활용	リサイクル
リスト	목록	リスト
リフレッシュ	기분 전환	リフレッシュ
リラックス	긴장을 풀다	リラックス
レインコート	레인코트	レインコート
レシピ	레시피	レシピ
レッスン	레슨	レッスン
レンズ	렌즈	レンズ
ロッカー	보관함	ロッカー
ロビー	로비	ロビー
ロボット	로봇	ロボット
～件	(일이나 문제를 가리키거나 세는 말) 건	～けん
～券	~권	～けん
～差	~차	～さ
～産	(지역이나 나라)산	～さん
倍	~배	～ばい
秒	~초	～びょう
～向き	~향, (~에) 적합하다	～むき
挨拶	인사	あいさつ
相性	궁합	あいしょう
愛情	애정	あいじょう
相席	합석	あいせき
愛着	애착	あいちゃく
相次いで	잇따라	あいついで
相次ぐ	잇따르다	あいつぐ
あいにく	공교롭게도	あいにく
合間	틈	あいま
曖昧	애매하다	あいまい
扇ぐ	부채질하다	あおぐ
青空	푸른 하늘	あおぞら
明かり	빛	あかり
明らか	분명하다	あきらか
呆れる	기막히다	あきれる
悪影響	악영향	あくえいきょう
握手	악수	あくしゅ
悪循環	악순환	あくじゅんかん
悪条件	악조건	あくじょうけん
悪天候	악천후	あくてんこう
悪魔	악마	あくま
あくまで	어디까지나	あくまで
明くる	다음	あくる
明け方	새벽녘	あけがた
揚げる	(음식을) 튀기다, (깃발이나 불꽃 등을) 올리다	あげる
憧れ	동경	あこがれ
憧れる	동경하다	あこがれる
鮮やか	선명하다, (솜씨가) 뛰어나다	あざやか
脚	다리	あし
足元	발밑	あしもと
焦る	초조해하다	あせる
あたかも	흡사	あたかも
頭がいい	머리가 좋다	あたまがいい
圧縮	압축	あっしゅく
圧勝	압승	あっしょう
圧倒的	압도적이다	あっとうてき
厚かましい	뻔뻔하다	あつかましい
圧力	압력	あつりょく
宛名	받는 사람의 이름과 주소	あてな
当てはまる	들어맞다	あてはまる
当てる	(물건을 다른 대상에) 대다, 맞히다	あてる
跡	흔적	あと
跡継ぎ	후계자	あとつぎ
暴れる	날뛰다	あばれる
溢れる	넘치다	あふれる
炙る	불에 쬐다	あぶる
甘える	어리광 부리다, 호의에 기대다	あまえる
甘やかす	응석을 받아 주다	あまやかす
あまりにも	너무나	あまりにも
危うい	위태롭다	あやうい
過ち	잘못	あやまち
誤り	잘못	あやまり
誤る	잘못하다	あやまる
歩む	걸어 나아가다	あゆむ
粗い	거칠다	あらい
荒い	거칠다	あらい
あらかじめ	미리	あらかじめ
抗う	저항하다	あらがう
嵐	폭풍	あらし
あらすじ	줄거리	あらすじ
争う	다투다	あらそう
改めて	다시	あらためて
改める	고치다, 검사하다	あらためる
あるいは	또는, 어쩌면	あるいは
荒れる	거칠어지다, 황폐해지다	あれる
淡い	옅다	あわい
慌ただしい	분주하다	あわただしい
哀れ	불쌍하다	あわれ
憐れむ	가엾이 여기다	あわれむ
安易	손쉽다, 안이하다	あんい
安定	안정	あんてい
案の定	아니나 다를까	あんのじょう
いい加減	무책임하다, 꽤	いいかげん
言いつけ	지시	いいつけ
言いつける	시키다, 일러바치다	いいつける
言い張る	우기다	いいはる
言い訳	변명	いいわけ
委員	위원	いいん
委員会	위원회	いいんかい
生かす	살리다	いかす
医学界	의학계	いがくかい
生き生き	생기 있게	いきいき
勢い	기세, (사람이나 집단의) 힘	いきおい
息苦しい	숨이 막히다	いきぐるしい
行き過ぎる	지나치다	いきすぎる
行き着く	다다르다	いきつく
行き止まり	막다른 곳	いきどまり
息抜き	숨을 돌리다	いきぬき
育児	육아	いくじ
幾分	얼마간	いくぶん
潔い	미련 없이 깨끗하다	いさぎよい
勇ましい	용감하다, 힘차다	いさましい
遺産	유산	いさん
衣装	의상	いしょう
異色	이색적이다	いしょく
衣食住	의식주	いしょくじゅう
いじめる	괴롭히다	いじめる
いじる	만지다, 놀리다	いじる
意地悪	심술궂다	いじわる
いずれ	어느 것, 언젠가, 어쨌든	いずれ
異世界	이세계	いせかい
依然	여전히	いぜん
依然として	여전히	いぜんとして
傷む	상하다	いたむ
至る	(~에) 이르다	いたる
至る所	도처	いたるところ
偉大	위대하다	いだい
抱く	안다, (마음에) 품다	いだく
いちいち	일일이	いちいち
一軍	1군	いちぐん
一時的	일시적이다	いちじてき
著しい	현저하다	いちじるしい
一段	한층 더, 한 단계	いちだん
一気に	단숨에	いっきに
一戸建て	단독 주택	いっこだて
一種	일종	いっしゅ
一瞬	한순간	いっしゅん
一生懸命	열심히	いっしょうけんめい
一睡	한잠	いっすい
一斉に	일제히	いっせいに
一石二鳥	일석이조	いっせきにちょう
一層	한층 더	いっそう
一旦	일단	いったん
一致	일치	いっち
一定	일정	いってい
一転	완전히 바뀌다	いってん
一方的	일방적	いっぽうてき
いつの間にか	어느새	いつのまにか
移転	이전하다	いてん
井戸	우물	いど
緯度	위도	いど
稲	벼	いね
居眠り	앉아서 졸다	いねむり
祈る	빌다	いのる
威張る	으스대다	いばる
衣服	의복	いふく
遺物	유물	いぶつ
異文化	다른 문화	いぶんか
異分野	다른 분야	いぶんや
違法	위법	いほう
今頃	지금쯤	いまごろ
今に	머지않아	いまに
いやらしい	불쾌하다, 음란하다	いやらしい
意欲	의욕	いよく
以来	이래	いらい
イライラ	초조해하다	いらいら
医療	의료	いりょう
入れ替える	교체하다	いれかえる
入れ込む	밀어 넣다, 열중하다	いれこむ
色違い	색이 다름	いろちがい
祝い	축하, 축하 선물	いわい
祝う	축하하다	いわう
言わば	말하자면	いわば
いわゆる	이른바	いわゆる
引退	은퇴	いんたい
引用	인용	いんよう
引力	인력	いんりょく
植木	정원수, 화분 식물	うえき
飢える	굶주리다	うえる
うかうか	방심하다	うかうか
伺う	여쭙다, 듣다(겸양어), 찾아뵙다	うかがう
浮かぶ	뜨다, 떠오르다	うかぶ
浮く	(물에) 뜨다, 겉돌다, (시간이나 돈이) 절약되다	うく
承る	삼가 듣다, 삼가 받다	うけたまわる
受け継ぐ	이어받다	うけつぐ
失う	잃다	うしなう
うじゃうじゃ	우글우글	うじゃうじゃ
薄味	간이 약하다	うすあじ
薄色	옅은 색	うすいろ
薄暗い	어둑어둑하다	うすぐらい
薄める	묽게 하다	うすめる
疑わしい	의심스럽다	うたがわしい
打ち明ける	털어놓다	うちあける
打ち上げる	발사하다	うちあげる
内気	내성적이다	うちき
打ち切る	중단하다	うちきる
打ち消す	부정하다	うちけす
宇宙	우주	うちゅう
うっすら	희미하게	うっすら
撃つ	쏘다	うつ
映す	비추다	うつす
俯く	고개를 숙이다	うつむく
うとうと	꾸벅꾸벅 졸다	うとうと
頷く	(고개를) 끄덕이다	うなずく
海沿い	해안가	うみぞい
海辺	해변	うみべ
有無	유무, 여부	うむ
敬う	공경하다	うやまう
裏返す	뒤집다	うらがえす
裏切る	배신하다, (기대를) 저버리다	うらぎる
裏口	뒷문	うらぐち
裏付ける	뒷받침하다	うらづける
占う	점치다	うらなう
恨み	원한	うらみ
恨む	원망하다	うらむ
羨む	부러워하다	うらやむ
売れ行き	팔림새	うれゆき
噂	소문	うわさ
運がいい	운이 좋다	うんがいい
運行	운행	うんこう
運送	운송	うんそう
運賃	운임	うんちん
運搬	운반	うんぱん
運命	운명	うんめい
永遠	영원하다	えいえん
永久	영구	えいきゅう
衛星	위성	えいせい
衛生	위생	えいせい
描く	그리다	えがく
液体	액체	えきたい
液体状	액체 상태	えきたいじょう
餌	먹이	えさ
会釈	목례하다	えしゃく
得手	특기	えて
絵の具	물감	えのぐ
偉い	훌륭하다, 지위가 높다, (상황이) 심각하다	えらい
偉そう	잘난 체하다	えらそう
偉そうにする	잘난 체하다	えらそうにする
沿岸	연안	えんがん
演技	연기	えんぎ
演技派	연기파	えんぎは
園芸	원예	えんげい
演劇	연극	えんげき
演習	연습	えんしゅう
演出	연출	えんしゅつ
援助	원조	えんじょ
演じる	연기하다, 저지르다	えんじる
演説	연설	えんぜつ
円高	엔화 강세	えんだか
延長	연장	えんちょう
煙突	굴뚝	えんとつ
円安	엔저	えんやす
遠慮なく	거리낌 없이	えんりょなく
追い返す	쫓아내다	おいかえす
追いかける	뒤쫓다	おいかける
追い越し	추월	おいこし
追い払う	쫓아버리다	おいはらう
負う	짊어지다, (상처나 손해를) 입다, (도움에) 힘입다	おう
応援団	응원단	おうえんだん
王女	왕녀	おうじょ
応じる	응하다	おうじる
応接	응대하다	おうせつ
応対	응대	おうたい
横道	사악함	おうどう
欧米	유럽과 미국	おうべい
往来	왕래	おうらい
大いに	크게	おおいに
覆う	덮다	おおう
大型	대형	おおがた
大柄	(몸집이) 크다	おおがら
大きすぎる	너무 크다	おおきすぎる
大げさ	과장되다	おおげさ
大声	큰 소리	おおごえ
大雑把	대략적이다, 엉성하다	おおざっぱ
多すぎる	너무 많다	おおすぎる
大幅	대폭	おおはば
大まか	대략적이다, 대범하다	おおまか
大昔	먼 옛날	おおむかし
多め	많은 편	おおめ
おおよそ	대략	おおよそ
おおらか	느긋하다	おおらか
おかしい	우습다, 이상하다	おかしい
おかず	반찬	おかず
お金を払う	돈을 지불하다	おかねをはらう
悪寒	오한	おかん
お勘定	(식당에서) 계산	おかんじょう
お勘定を済ませる	계산을 마치다	おかんじょうをすませる
拝む	빌다, 뵙다	おがむ
沖	물가에서 먼 물 위	おき
お気に入り	마음에 드는 것, 즐겨찾기	おきにいり
補う	보충하다	おぎなう
臆病	겁이 많다	おくびょう
遅らす	늦추다	おくらす
贈る	선물하다	おくる
抑える	억누르다	おさえる
押さえる	누르다(押さえる), 확보하다(押さえる), 억누르다(抑える)	おさえる
お札	지폐	おさつ
幼い	어리다, 미숙하다	おさない
収まる	일정한 범위 안에 들어가다, 진정되다	おさまる
治める	다스리다	おさめる
納める	넣다, 납부하다	おさめる
押し通す	밀어붙이다	おしとおす
惜しむ	아끼다, 애석해하다	おしむ
おしゃべり	수다, 수다스럽다	おしゃべり
おしゃれ	세련되다	おしゃれ
推す	(후보를) 밀다	おす
汚染	오염	おせん
おそらく	아마	おそらく
恐れ	두려움, 우려	おそれ
恐れる	두려워하다	おそれる
おだてる	추켜세우다	おだてる
穏やか	온화하다	おだやか
落ち込む	침울해지다, 침체되다	おちこむ
訪れる	방문하다, (철이) 찾아오다	おとずれる
大人しい	얌전하다	おとなしい
劣る	뒤떨어지다	おとる
衰える	쇠약해지다	おとろえる
脅かす	겁주다	おどかす
脅す	위협하다	おどす
驚かせる	놀라게 하다	おどろかせる
鬼	도깨비, 술래, 엄청	おに
各々	각기	おのおの
叔母	부모의 여동생이나 남동생의 아내	おば
お前	너	おまえ
おまけ	덤, 할인	おまけ
お目にかける	보여 드리다	おめにかける
思いがけない	뜻밖이다	おもいがけない
思い切って	과감하게	おもいきって
思い切り	마음껏, 결단력	おもいきり
思い切る	결심하다, 단념하다	おもいきる
思い込む	굳게 믿다, 마음먹다	おもいこむ
思い過ぎる	생각을 너무 많이 하다	おもいすぎる
思える	생각되다	おもえる
重々しい	무게가 있다	おもおもしい
重苦しい	답답하다	おもくるしい
重たい	무겁다	おもたい
表	겉	おもて
親子連れ	부모와 자녀 동반	おやこづれ
おろそか	소홀하다	おろそか
お詫び	사과	おわび
音楽全般	음악 전반	おんがくぜんぱん
温厚	(성격이) 온화하다	おんこう
音声	음성	おんせい
音節	음절	おんせつ
温帯	온대	おんたい
温暖	온난하다	おんだん
御中	귀중	おんちゅう
音程	음정	おんてい
蚊	모기	か
買い上げ	매입	かいあげ
会員制	회원제	かいいんせい
開会	개회	かいかい
絵画展	회화전	かいがてん
会見	회견	かいけん
介護	돌봄	かいご
開催	개최	かいさい
改札口	개찰구	かいさつぐち
解散	해산	かいさん
海産物	해산물	かいさんぶつ
買い占める	(상품이나 주식 등을) 매점하다	かいしめる
会社員風	회사원풍	かいしゃいんふう
解釈	해석	かいしゃく
海上	해상	かいじょう
開場	개장	かいじょう
快晴	쾌청	かいせい
開設	개설	かいせつ
改善	개선	かいぜん
快速	쾌속	かいそく
会談	회담	かいだん
快調	상태가 좋다	かいちょう
開通	개통	かいつう
快適	쾌적하다	かいてき
回答	답변	かいとう
解答	해답	かいとう
解放	해방	かいほう
海面	해수면	かいめん
買い求める	구매하다	かいもとめる
解約	해지	かいやく
快癒	쾌유	かいゆ
海洋	해양	かいよう
買い忘れる	(물건을) 사는 것을 잊다	かいわすれる
かえって	오히려	かえって
顔色	안색	かおいろ
家屋	가옥	かおく
顔写真付き	얼굴 사진이 부착됨	かおしゃしんつき
顔つき	얼굴 모습	かおつき
抱える	안다, 문제나 책임을 떠안다, 직원을 두다	かかえる
欠かす	빠뜨리다	かかす
欠かせない	빠뜨릴 수 없다	かかせない
係員	담당자	かかりいん
かかりつけ	늘 다니는 의사나 병원	かかりつけ
関わる	관여하다, (생명 등에) 직결되다	かかわる
輝かしい	눈부시다	かがやかしい
書き上がる	(글이) 다 쓰이다	かきあがる
書き込む	기입하다, (게시판에) 글을 올리다	かきこむ
限り	한계, 한정, ~하는 한	かぎり
限る	한정하다, ~하는 게 최고다	かぎる
覚悟	각오	かくご
拡散	확산	かくさん
隔週	격주	かくしゅう
核心	핵심	かくしん
確信	확신	かくしん
各人	각자	かくじん
獲得	획득	かくとく
隔離	격리	かくり
確率	확률	かくりつ
家訓	가훈	かくん
各チーム	각 팀	かくチーム
嗅ぐ	냄새를 맡다	かぐ
家計	가계	かけい
駆け込む	뛰어들다	かけこむ
駆け抜ける	달려 지나가다	かけぬける
欠片	조각	かけら
欠ける	일부가 없어지다, 부족하다	かける
過激	과격하다	かげき
下降	하강	かこう
籠	바구니, 우리	かご
かさかさ	건조하고 거칠다, 바스락거리다	かさかさ
火山	화산	かざん
賢い	현명하다	かしこい
貸し出す	빌려주다	かしだす
過失	과실	かしつ
貸家	셋집	かしや
家事	가사	かじ
果実	열매	かじつ
過剰	과잉이다	かじょう
かじる	깨물다, 조금 배우다	かじる
かすか	희미하다	かすか
課する	부과하다	かする
課税	과세	かぜい
風邪気味	감기 기운	かぜぎみ
加速	가속	かそく
家族連れ	가족 동반	かぞくづれ
塊	덩어리	かたまり
固まる	굳다, 한데 모이다	かたまる
傾き	기울기, 경향	かたむき
傾く	기울다	かたむく
傾ける	기울이다	かたむける
固める	굳히다, 한데 모으다	かためる
偏る	치우치다	かたよる
過大	과대하다	かだい
価値	가치	かち
括弧	괄호	かっこ
勝手	제멋대로임, 일이 돌아가는 방식	かって
活発	활발하다	かっぱつ
担ぐ	메다, 추대하다, 길흉을 따지다	かつぐ
活字	활자	かつじ
かつて	일찍이	かつて
活躍	활약	かつやく
活力	활력	かつりょく
課程	교육 과정	かてい
過程	과정	かてい
叶う	(꿈이나 소망이) 이루어지다	かなう
叶える	(소원 등을) 이루다	かなえる
鐘	종	かね
可能性	가능성	かのうせい
過半数	과반수	かはんすう
かび	곰팡이	かび
花粉	꽃가루	かふん
株	주식, 그루, 균주	かぶ
被せる	씌우다, 끼얹다	かぶせる
壁際	벽 옆	かべぎわ
釜	솥	かま
構う	신경 쓰다, 건드리다	かまう
髪型	머리 모양	かみがた
紙くず	종이 쓰레기	かみくず
神様	신	かみさま
剃刀	면도칼	かみそり
雷	천둥	かみなり
髪の毛	머리카락	かみのけ
貨物	화물	かもつ
痒い	가렵다	かゆい
殻	껍질	から
空梅雨	마른장마	からつゆ
絡まる	얽히다	からまる
仮契約	가계약	かりけいやく
仮採用	임시 채용	かりさいよう
仮登録	가등록	かりとうろく
仮予約	가예약	かりよやく
刈る	베다	かる
狩る	사냥하다	かる
可愛い	귀엽다	かわいい
可愛がる	귀여워하다, 혹독하게 다루다	かわいがる
かわいそう	불쌍하다	かわいそう
可愛らしい	사랑스럽다	かわいらしい
川岸	강가	かわぎし
革靴	가죽 신발	かわぐつ
皮ごと	껍질째	かわごと
交わす	주고받다, 교차하다	かわす
為替	환	かわせ
川沿い	강가	かわぞい
瓦	기와	かわら
管	관	かん
考え込む	골똘히 생각하다	かんがえこむ
考え事	이런저런 생각	かんがえごと
換気	환기	かんき
簡潔	간결하다	かんけつ
感激	감격	かんげき
看護	간호	かんご
鑑賞	감상	かんしょう
感心	감탄하다, 기특하다	かんしん
関心を持つ	관심을 갖다	かんしんをもつ
幹事	간사	かんじ
勘定	계산, (대금) 계산	かんじょう
観測	관측	かんそく
寒帯	한대	かんたい
官庁	관청	かんちょう
缶詰	통조림	かんづめ
乾電池	건전지	かんでんち
館内	시설 안	かんない
観念	관념, 체념	かんねん
看病	간병	かんびょう
勧誘	권유	かんゆう
関与	관여	かんよ
管理下	관리 아래	かんりか
簡略	간략하다	かんりゃく
完了	완료	かんりょう
関連	관련	かんれん
害	해	がい
外見	겉모습	がいけん
害する	해치다	がいする
概要	개요	がいよう
概論	개론	がいろん
学業	학업	がくぎょう
学術	학술	がくじゅつ
学年	학년	がくねん
学年別	학년별	がくねんべつ
学会	학회	がっかい
学級	학급	がっきゅう
学校便り	학교 소식	がっこうだより
柄	무늬, 체격, 성격	がら
がん	암	がん
頑固	완고하다	がんこ
元日	1월 1일	がんじつ
頑丈	튼튼하다	がんじょう
願望	소망	がんぼう
気圧	기압	きあつ
記憶	기억	きおく
記憶力	기억력	きおくりょく
気温差	기온차	きおんさ
企画	기획	きかく
機関	기관	きかん
着替え	옷 갈아입기	きがえ
着替える	갈아입다	きがえる
気軽	부담이 없다	きがる
気軽に	부담 없이	きがるに
危機	위기	きき
聞き返す	다시 듣다, 되묻다	ききかえす
聞き取る	알아듣다	ききとる
飢饉	기근	ききん
効く	(약효가) 듣다, 잘 작동하다	きく
器具	기구	きぐ
喜劇	희극	きげき
機嫌	기분	きげん
期限切れ	기한 만료	きげんぎれ
気候	기후	きこう
記号	기호	きごう
貴財団	귀 재단	きざいだん
岸	물가	きし
貴社	귀사	きしゃ
希少	희소하다	きしょう
起床	기상	きしょう
記事	기사	きじ
期日	기일	きじつ
奇数	홀수	きすう
築く	짓다, 쌓다	きずく
帰省	귀성	きせい
規制	규제	きせい
競う	겨루다	きそう
規則正しい	규칙적이다	きそくただしい
鍛える	단련하다	きたえる
貴団体	귀 단체	きだんたい
貴重	귀중하다	きちょう
喫茶	차 마시기, 찻집	きっさ
きっぱり	단호히	きっぱり
起動	기동	きどう
気の毒	불쌍하다, 미안하다	きのどく
寄付	기부	きふ
基本的	기본적이다	きほんてき
規模	규모	きぼ
奇妙	기묘하다	きみょう
客席	객석	きゃくせき
客観的	객관적이다	きゃっかんてき
気安い	스스럼없다	きやすい
休憩	휴식	きゅうけい
急激	급격하다	きゅうげき
休講	휴강	きゅうこう
求婚	청혼	きゅうこん
救済	구제	きゅうさい
吸収	흡수	きゅうしゅう
旧正月	구정	きゅうしょうがつ
救助	구조	きゅうじょ
求人	구인	きゅうじん
旧制度	구제도	きゅうせいど
休息	휴식	きゅうそく
休養	휴양	きゅうよう
教育全般	교육 전반	きょういくぜんぱん
教育論	교육론	きょういくろん
教員	교원	きょういん
境界	경계	きょうかい
共感	공감	きょうかん
供給	공급	きょうきゅう
競技	경기	きょうぎ
恐縮	황송하다	きょうしゅく
強大	강대하다	きょうだい
協調	협조	きょうちょう
共同	공동, 협동	きょうどう
恐怖	공포	きょうふ
共有	공유	きょうゆう
共用	공용	きょうよう
教養	교양	きょうよう
強力	강력하다	きょうりょく
許可	허가	きょか
極端	극단	きょくたん
拒絶	거절	きょぜつ
巨大	거대함	きょだい
拒否	거부	きょひ
清い	깨끗하다	きよい
器用	손재주가 좋다	きよう
霧	안개	きり
極めて	매우	きわめて
金庫	금고	きんこ
禁じる	금하다	きんじる
金銭	금전	きんせん
近代	근대	きんだい
緊張感	긴장감	きんちょうかん
筋肉	근육	きんにく
金融	금융	きんゆう
議員	의원	ぎいん
技師	기사	ぎし
儀式	의식	ぎしき
ぎしぎし	삐걱삐걱	ぎしぎし
議長	의장	ぎちょう
ぎっしり	가득	ぎっしり
行儀	예의범절	ぎょうぎ
行列	행렬	ぎょうれつ
漁業	어업	ぎょぎょう
義理	의리, 인척 관계의	ぎり
議論	논의	ぎろん
区域	구역	くいき
食い違い	어긋남	くいちがい
食う	먹다, 물다, 깔보다	くう
空想	공상	くうそう
空腹	공복	くうふく
区切り	(말이나 글의) 구분, (일의) 매듭	くぎり
臭い	냄새가 나다, 수상하다	くさい
腐る	썩다, 풀이 죽다	くさる
苦心	고심하다	くしん
くじ	제비	くじ
くず	쓰레기	くず
崩す	무너뜨리다, (몸 상태가) 나빠지다, 잔돈으로 바꾸다	くずす
崩れる	무너지다, 흐트러지다, (날씨가) 나빠지다	くずれる
くたくた	녹초가 되다	くたくた
砕く	깨뜨리다, 쉽게 풀어 설명하다	くだく
くだらない	시시하다	くだらない
唇	입술	くちびる
口笛	휘파람	くちぶえ
口調	말투	くちょう
くっつく	붙다	くっつく
くっつける	붙이다	くっつける
くどい	장황하다, (맛이) 느끼하다	くどい
口説く	설득하다, 유혹하다	くどく
区分	구분	くぶん
組み合わせ	조합	くみあわせ
組み立て式	조립식	くみたてしき
組み立てる	조립하다, 구성하다	くみたてる
汲み取る	헤아리다	くみとる
悔やむ	후회하다, 애도하다	くやむ
くよくよ	사소한 일로 끙끙거리다	くよくよ
狂う	미치다, 틀어지다	くるう
苦しめる	괴롭히다	くるしめる
くるむ	감싸다	くるむ
暮れ	해 질 녘, 연말	くれ
くれぐれも	아무쪼록, 거듭	くれぐれも
暮れる	(날이나 한 해가) 저물다	くれる
玄人	전문가	くろうと
黒字	흑자	くろじ
くわえる	더하다, 가하다, 입에 물다	くわえる
偶数	짝수	ぐうすう
ぐずぐず	꾸물거리다, 투덜거리다	ぐずぐず
具体的	구체적이다	ぐたいてき
愚痴	푸념	ぐち
ぐちを言う	푸념하다	ぐちをいう
ぐったり	녹초가 되다	ぐったり
軍隊	군대	ぐんたい
敬意	경의	けいい
契機	계기	けいき
傾向	경향	けいこう
蛍光灯	형광등	けいこうとう
警告	경고	けいこく
警護	경호	けいご
掲載	게재	けいさい
警察署	경찰서	けいさつしょ
形式	형식	けいしき
軽傷	경상	けいしょう
刑事	형사	けいじ
掲示	게시	けいじ
継続	계속	けいぞく
毛糸	털실	けいと
系統	계통	けいとう
経度	경도	けいど
競馬	경마	けいば
経費	경비	けいひ
警備	경비	けいび
経理	경리	けいり
削る	깎다, 삭감하다	けずる
桁	자릿수	けた
欠陥	결함	けっかん
血行	혈액 순환	けっこう
結婚観	결혼관	けっこんかん
傑作	걸작	けっさく
決勝戦	결승전	けっしょうせん
決定権	결정권	けっていけん
潔白	결백	けっぱく
決意	결심	けつい
煙い	(연기가) 맵다	けむい
見解	견해	けんかい
研究所	연구소	けんきゅうじょ
検索	검색	けんさく
研修	연수	けんしゅう
検証	검증	けんしょう
検事	검사	けんじ
謙遜	겸손	けんそん
建築家	건축가	けんちくか
見当	짐작	けんとう
見当がつく	짐작이 가다	けんとうがつく
券売機	매표기	けんばいき
憲法	헌법	けんぽう
権利	권리	けんり
権力	권력	けんりょく
芸能	예능	げいのう
激化	격화	げきか
激辛	아주 매움	げきから
激減	급감	げきげん
激増	급증	げきぞう
激安	매우 싸다	げきやす
下旬	하순	げじゅん
下水	하수도, 하수	げすい
月給	월급	げっきゅう
原因不明	원인 불명	げんいんふめい
現役	현역	げんえき
限界	한계	げんかい
厳格	엄격하다	げんかく
原稿	원고	げんこう
原稿料	원고료	げんこうりょう
原産	원산	げんさん
原始	원시	げんし
現社長	현 사장	げんしゃちょう
厳守	엄수	げんしゅ
原子力	원자력	げんしりょく
現実離れ	현실과 동떨어짐	げんじつばなれ
現時点	현시점	げんじてん
厳重	엄중하다	げんじゅう
現状	현재 상태	げんじょう
現制度	현행 제도	げんせいど
幻想	환상	げんそう
原則	원칙	げんそく
現段階	현 단계	げんだんかい
現地	현지	げんち
限定	한정	げんてい
限定版	한정판	げんていばん
現に	실제로	げんに
現場	현장	げんば
原油	원유	げんゆ
減量	감량	げんりょう
濃い	짙다	こい
請う	청하다	こう
講演	강연	こうえん
硬貨	동전	こうか
公害	공해	こうがい
高学歴	고학력	こうがくれき
好奇心	호기심	こうきしん
公共	공공	こうきょう
抗議	항의	こうぎ
航空	항공	こうくう
光景	광경	こうけい
後継者	후계자	こうけいしゃ
貢献	공헌하다	こうけん
工芸	공예	こうげい
攻撃	공격	こうげき
交差	교차	こうさ
講座	강좌	こうざ
講師	강사	こうし
公式	공식	こうしき
後者	후자	こうしゃ
公衆	공중	こうしゅう
高収入	고수입	こうしゅうにゅう
交渉	교섭	こうしょう
口実	핑계	こうじつ
香水	향수	こうすい
高水準	높은 수준	こうすいじゅん
洪水	홍수	こうずい
厚生	후생	こうせい
構成	구성	こうせい
好成績	좋은 성적	こうせいせき
高性能	고성능	こうせいのう
功績	공적	こうせき
光線	광선	こうせん
構想	구상	こうそう
高層	고층	こうそう
構造	구조	こうぞう
好対照	뚜렷한 대조	こうたいしょう
耕地	경작지	こうち
好調	호조이다	こうちょう
交通費	교통비	こうつうひ
好都合	안성맞춤	こうつごう
肯定	긍정	こうてい
高度	고도	こうど
行動	행동	こうどう
購入	구입	こうにゅう
公表	공표	こうひょう
鉱物	광물	こうぶつ
公平	공평하다	こうへい
候補	후보	こうほ
公募	공모	こうぼ
公務	공무	こうむ
項目	항목	こうもく
凍る	얼다	こおる
小柄	몸집이 작다	こがら
顧客	고객	こきゃく
故郷	고향	こきょう
国王	국왕	こくおう
国際色	국제색	こくさいしょく
国内産	국내산	こくないさん
克服	극복하다	こくふく
漕ぐ	젓다	こぐ
焦げる	타다	こげる
心強い	든든하다	こころづよい
心細い	불안하다	こころぼそい
試みる	시도하다	こころみる
快い	기분이 좋다, 흔쾌하다	こころよい
快く	흔쾌히	こころよく
心弱い	심약하다	こころよわい
凍える	(추위로 몸이) 얼다	こごえる
小言	잔소리	こごと
腰掛ける	걸터앉다	こしかける
呼称	호칭	こしょう
誇示	과시	こじ
個人的	개인적이다	こじんてき
越す	넘다	こす
こそこそ	남몰래	こそこそ
個体	개체	こたい
固体	고체	こたい
誇張	과장하다	こちょう
国旗	국기	こっき
骨折	골절	こっせつ
コツコツ	꾸준히, (단단한 것을 두드리는 소리가) 똑똑	こつこつ
小包	소포	こづつみ
固定	고정	こてい
古典	고전	こてん
異なる	다르다	ことなる
言葉遣い	말씨	ことばづかい
子ども扱い	어린아이 취급	こどもあつかい
子供連れ	자녀 동반	こどもづれ
子供向け	어린이용	こどもむけ
好ましい	호감이 가다	このましい
こぼれる	쏟아지다	こぼれる
堪える	참다	こらえる
衣	옷, 튀김옷	ころも
壊す	부수다	こわす
婚姻届	혼인 신고서	こんいんとどけ
根気	끈기	こんき
婚約	약혼	こんやく
混乱	혼란	こんらん
困惑	곤혹	こんわく
強引	강압적이다	ごういん
豪華	호화스럽다	ごうか
合同	합동	ごうどう
合理	합리	ごうり
合理化	합리화	ごうりか
合理的	합리적이다	ごうりてき
誤解	오해	ごかい
ごく	극히	ごく
ごくごく	꿀꺽꿀꺽	ごくごく
ご苦労様	(주로 아랫사람에게) 수고하셨습니다	ごくろうさま
ごちゃごちゃ	어지럽게 뒤섞이다	ごちゃごちゃ
娯楽	오락	ごらく
ご覧	보다	ごらん
ごろごろ	우르릉거리다, 데굴데굴, 빈둥거리다	ごろごろ
差異	차이	さい
再会	재회	さいかい
最下位	최하위	さいかい
再開発	재개발	さいかいはつ
再三	여러 번	さいさん
最接近	최접근	さいせっきん
最先端	최첨단	さいせんたん
催促	재촉	さいそく
最大	최대	さいだい
最中	한창인 때	さいちゅう
再提出	재제출	さいていしゅつ
再度	다시	さいど
災難	재난	さいなん
才能	재능	さいのう
栽培	재배	さいばい
裁判	재판	さいばん
再評価	재평가	さいひょうか
再放送	재방송	さいほうそう
最有力	가장 유력하다	さいゆうりょく
再利用	재사용	さいりよう
幸い	다행이다	さいわい
境	경계	さかい
逆さま	거꾸로	さかさま
酒場	술집	さかば
逆らう	거스르다	さからう
探し回る	찾아 돌아다니다	さがしまわる
捜す	(없어진 것을) 찾다	さがす
先々	앞으로, 가는 곳마다	さきざき
先ほど	조금 전	さきほど
索引	색인	さくいん
作品集	작품집	さくひんしゅう
作物	농작물	さくもつ
探る	더듬어 찾다, 탐색하다	さぐる
叫ぶ	외치다	さけぶ
支える	지탱하다	ささえる
ささやか	소박하다	ささやか
囁く	속삭이다	ささやく
指図	지시	さしず
差し支え	지장	さしつかえ
差し支える	지장이 있다	さしつかえる
差し引く	빼다, 감안하다	さしひく
刺身	회	さしみ
刺す	찌르다, 쏘다, 바느질하다	さす
指す	가리키다, 장기를 두다	さす
さすが	역시, 아무리 ~라도	さすが
定まる	정해지다	さだまる
定める	정하다	さだめる
早急	매우 급하다	さっきゅう
さっさと	빨리	さっさと
さっぱり	산뜻하다, (부정 표현과 함께) 전혀	さっぱり
札	지폐	さつ
さて	그건 그렇고	さて
茶道	다도	さどう
砂漠	사막	さばく
錆	녹	さび
錆びる	녹슬다	さびる
差別	차별	さべつ
作法	예절	さほう
妨げる	방해하다	さまたげる
さらに	더욱	さらに
去る	떠나다	さる
騒がす	소란스럽게 하다	さわがす
爽やか	상쾌하다	さわやか
参観	참관	さんかん
参照	참조하다	さんしょう
三食	세 끼	さんしょく
産地	산지	さんち
山頂	산꼭대기	さんちょう
賛否	찬반	さんぴ
参列	참석	さんれつ
在庫切れ	품절	ざいこぎれ
財産	재산	ざいさん
在籍	재적	ざいせき
材木	목재	ざいもく
雑誌類	잡지류	ざっしるい
ざっと見る	대충 보다	ざっとみる
雑音	잡음	ざつおん
雑談	잡담	ざつだん
残高	잔액	ざんだか
仕上げる	마무리하다	しあげる
強いて	억지로	しいて
鹿	사슴	しか
司会	사회를 보다	しかい
仕方がない	어쩔 수 없다, ~해서 견딜 수 없다(～て仕方がない)	しかたがない
しかも	게다가, 그런데도	しかも
志願	지원	しがん
敷金	보증금	しききん
敷地	부지	しきち
式典	식전	しきてん
至急	급히	しきゅう
敷く	깔다	しく
仕組み	구조	しくみ
仕草	몸짓	しぐさ
刺激	자극	しげき
茂る	우거지다	しげる
思考	사고	しこう
示唆	시사	しさ
視察	시찰	しさつ
支出	지출	ししゅつ
支持	지지	しじ
始終	줄곧	しじゅう
雫	물방울	しずく
静まる	가라앉다	しずまる
自然界	자연계	しぜんかい
思想	사상	しそう
子孫	자손	しそん
慕う	그리워하다, 따르다, 우러르다	したう
従う	따르다	したがう
従って	따라서	したがって
下見	미리 살펴보다	したみ
下を向く	고개를 숙이다	したをむく
市長	시장	しちょう
視聴者	시청자	しちょうしゃ
質素	검소하다	しっそ
しっとり	촉촉하다, 차분하다	しっとり
執筆	집필	しっぴつ
尻尾	꼬리	しっぽ
質	질	しつ
湿度	습도	しつど
失望	실망	しつぼう
指摘	지적	してき
品切れ	품절	しなぎれ
品揃え	상품 구비	しなぞろえ
支配	지배	しはい
支払い済み	지불 완료	しはらいずみ
しばしば	자주	しばしば
芝生	잔디	しばふ
縛る	묶다	しばる
痺れる	저리다, 매료되다	しびれる
渋い	떫다, 수수하면서 세련되다, 떨떠름하다	しぶい
紙幣	지폐	しへい
資本	자본	しほん
しぼむ	쪼그라들다	しぼむ
絞る	짜다, 조이다, 범위를 좁히다	しぼる
しまう	(물건을) 치우다, 끝내다, (가게 등을) 닫다	しまう
しみじみ	절실히	しみじみ
染みる	스며들다, 따끔거리다	しみる
締め切る	마감하다, 완전히 닫다	しめきる
締め出す	들어오지 못하게 하다	しめだす
湿っぽい	눅눅하다, 우울하다	しめっぽい
占める	차지하다	しめる
湿る	축축해지다	しめる
社員	회사원	しゃいん
車掌	차장	しゃしょう
写真集	사진집	しゃしんしゅう
写真付き	사진이 딸리다	しゃしんつき
しゃぶる	빨다	しゃぶる
視野	시야	しや
周囲	주위	しゅうい
集会	집회	しゅうかい
収穫	수확	しゅうかく
収穫量	수확량	しゅうかくりょう
宗教	종교	しゅうきょう
集金	수금	しゅうきん
収集	수집	しゅうしゅう
就職率	취업률	しゅうしょくりつ
終日	종일	しゅうじつ
集団	집단	しゅうだん
執着	집착	しゅうちゃく
集中力	집중력	しゅうちゅうりょく
終電	막차	しゅうでん
拾得	(분실물을) 습득하다	しゅうとく
就任	취임	しゅうにん
収納	수납	しゅうのう
修理代	수리비	しゅうりだい
主観	주관	しゅかん
主義	주의	しゅぎ
宿泊	숙박	しゅくはく
主原因	주원인	しゅげんいん
主原料	주원료	しゅげんりょう
取材	취재	しゅざい
趣旨	취지	しゅし
主成分	주성분	しゅせいぶん
主題	주제	しゅだい
出社	출근	しゅっしゃ
出身地	출신지	しゅっしんち
出世	출세	しゅっせ
出版	출판	しゅっぱん
出版社	출판사	しゅっぱんしゃ
出願	출원	しゅつがん
出場	출전하다, 출연하다	しゅつじょう
首脳	수뇌	しゅのう
手法	기법	しゅほう
主役	주역	しゅやく
瞬間	순간	しゅんかん
消火	소화	しょうか
障害	장애	しょうがい
奨学金	장학금, 학자금 대출	しょうがくきん
しょうがない	어쩔 수 없다, 소용없다, 견딜 수 없다	しょうがない
賞金	상금	しょうきん
証拠	증거	しょうこ
少子化	저출산	しょうしか
消失	소실	しょうしつ
商社	상사	しょうしゃ
症状	증상	しょうじょう
生じる	발생시키다	しょうじる
小数	소수	しょうすう
少数	소수	しょうすう
小説家	소설가	しょうせつか
招待状	초대장	しょうたいじょう
承知	알다, 승낙하다, 용납하다	しょうち
象徴	상징	しょうちょう
焦点	초점	しょうてん
商店街	상점가	しょうてんがい
衝突	충돌	しょうとつ
消毒	소독	しょうどく
承認	승인	しょうにん
勝敗	승패	しょうはい
賞品	상품	しょうひん
勝負	승부	しょうぶ
消防署	소방서	しょうぼうしょ
正味	실질	しょうみ
賞味期限	맛있게 먹을 수 있는 기한	しょうみきげん
消耗	소모	しょうもう
醤油漬け	간장 절임	しょうゆづけ
招来	초래하다	しょうらい
省略	생략	しょうりゃく
諸外国	여러 외국	しょがいこく
初期	초기	しょき
食塩	식염	しょくえん
食卓	식탁	しょくたく
職人	장인	しょくにん
職場	직장	しょくば
食物	음식물	しょくもつ
食欲	식욕	しょくよく
諸国	여러 나라	しょこく
諸条件	여러 조건	しょじょうけん
書籍	서적	しょせき
初対面	초면	しょたいめん
食器類	식기류	しょっきるい
しょっちゅう	늘	しょっちゅう
しょっぱい	짜다	しょっぱい
諸手続き	여러 절차	しょてつづき
初年度	초년도	しょねんど
初歩	초보	しょほ
署名	서명	しょめい
書物	서적	しょもつ
諸問題	여러 문제	しょもんだい
所有	소유	しょゆう
処理	처리	しょり
使用済み	사용 완료	しようずみ
白髪	흰머리	しらが
白々しい	속이 뻔히 보이다	しらじらしい
知らず知らず	자기도 모르게	しらずしらず
汁	즙, 국	しる
印	표시, 상징	しるし
城	성	しろ
しわ	주름	しわ
進学率	진학률	しんがくりつ
新記録	신기록	しんきろく
真剣	진지하다	しんけん
進行	진행	しんこう
深刻	심각하다	しんこく
進出	진출	しんしゅつ
心身	심신	しんしん
新人	신인	しんじん
新卒	신규 졸업자	しんそつ
心臓	심장	しんぞう
診断	진단	しんだん
慎重	신중하다	しんちょう
慎重派	신중파	しんちょうは
侵入	침입	しんにゅう
審判	심판	しんぱん
進路	진로	しんろ
じかに	직접	じかに
時間を潰す	시간을 때우다	じかんをつぶす
じきに	곧	じきに
磁石	자석	じしゃく
持続	지속	じぞく
自体	자체	じたい
辞退	사양	じたい
自宅	자택	じたく
じたばた	발버둥치다, 허둥거리다	じたばた
実感	실감	じっかん
実行	실행	じっこう
実際	실제	じっさい
実習	실습	じっしゅう
実績	실적	じっせき
実践	실천	じっせん
実	진실, 실질, 결실	じつ
実に	실로	じつに
実務	실무	じつむ
実用的	실용적이다	じつようてき
実例	실례	じつれい
児童	아동	じどう
地盤	지반, 기반	じばん
自分勝手	제멋대로이다	じぶんかって
自分で	스스로	じぶんで
地味	수수하다, 은근히(地味に)	じみ
じめじめ	축축하다	じめじめ
地元	고향	じもと
弱点	약점	じゃくてん
じゃんけん	가위바위보	じゃんけん
銃	총	じゅう
住居	주거	じゅうきょ
充実	충실하다	じゅうじつ
住宅街	주택가	じゅうたくがい
重点	중점	じゅうてん
充電	충전	じゅうでん
柔軟	유연하다	じゅうなん
柔軟性	유연성	じゅうなんせい
充満	가득 차다	じゅうまん
重役	중역	じゅうやく
重力	중력	じゅうりょく
塾	학원	じゅく
受験生	수험생	じゅけんせい
授受	주고받음	じゅじゅ
述語	술어	じゅつご
寿命	수명	じゅみょう
需要	수요	じゅよう
準決勝	준결승	じゅんけっしょう
順々に	차례차례	じゅんじゅんに
順序	순서	じゅんじょ
純粋	순수하다	じゅんすい
順調	순조롭다	じゅんちょう
準優勝	준우승	じゅんゆうしょう
自由化	자유화	じゆうか
情	정	じょう
蒸気	수증기	じょうき
定規	자	じょうぎ
情景	정경	じょうけい
条件	조건	じょうけん
条件付き	조건부	じょうけんつき
上昇	상승	じょうしょう
情勢	정세	じょうせい
上等	훌륭하다, 바라던 바다	じょうとう
蒸発	증발	じょうはつ
乗用車	승용차	じょうようしゃ
女王	여왕	じょおう
除外	제외	じょがい
徐行	서행	じょこう
徐々に	서서히	じょじょに
女性向け	여성용	じょせいむけ
女優	여배우	じょゆう
序列	서열	じょれつ
事例	사례	じれい
じろじろ	빤히	じろじろ
人工的	인공적이다	じんこうてき
人事	인사, 사람의 힘	じんじ
人生観	인생관	じんせいかん
人物	인물	じんぶつ
人命	인명	じんめい
人類	인류	じんるい
吸い殻	담배꽁초	すいがら
水産物	수산물	すいさんぶつ
水準	수준	すいじゅん
水蒸気	수증기	すいじょうき
推薦	추천	すいせん
垂直	수직	すいちょく
推定	추정	すいてい
水滴	물방울	すいてき
水筒	물통	すいとう
水分	수분	すいぶん
水平	수평	すいへい
水平線	수평선	すいへいせん
水面	수면	すいめん
素顔	민낯	すがお
清々しい	상쾌하다	すがすがしい
姿	모습	すがた
隙	틈	すき
透き通る	투명하다	すきとおる
隙間	틈	すきま
好く	좋아하다	すく
救う	구하다	すくう
救われる	구원받다, 위안을 얻다	すくわれる
優れる	뛰어나다	すぐれる
筋	근육, 이치, 줄거리	すじ
涼む	시원한 바람을 쐬다	すずむ
すっと	쓱, 후련해지다	すっと
酸っぱい	시다	すっぱい
砂	모래	すな
すなわち	즉	すなわち
済ます	끝내다, 때우다	すます
炭	숯	すみ
隅	구석	すみ
炭火	숯불	すみび
鋭い	날카롭다	するどい
すれ違う	엇갈리다	すれちがう
寸法	치수, 계획	すんぽう
図鑑	도감	ずかん
図形	도형	ずけい
ずっと前に	훨씬 전에	ずっとまえに
頭脳	두뇌	ずのう
図表	도표	ずひょう
ずらす	옮기다	ずらす
ずらっと	죽 늘어서	ずらっと
ずらり	죽 늘어서	ずらり
ずるい	교활하다	ずるい
ずる賢い	교활하다	ずるがしこい
精一杯	최선	せいいっぱい
声援	성원	せいえん
請求	청구	せいきゅう
清潔	청결하다	せいけつ
成功率	성공률	せいこうりつ
製作	제작	せいさく
精算	정산	せいさん
生産地	생산지	せいさんち
精神	정신	せいしん
政治	정치	せいじ
政治色	정치색	せいじしょく
整数	정수	せいすう
せいぜい	기껏해야, 최대한	せいぜい
清掃	청소	せいそう
生存	생존	せいぞん
政党	정당	せいとう
制度下	제도하	せいどか
性能	성능	せいのう
整備	정비	せいび
政府	정부	せいふ
生物	생물	せいぶつ
成分	성분	せいぶん
性別	성별	せいべつ
正方形	정사각형	せいほうけい
生命	생명	せいめい
成立	성립	せいりつ
勢力	세력	せいりょく
西暦	서력	せいれき
背負う	짊어지다, 배경으로 두다	せおう
石炭	석탄	せきたん
責任感	책임감	せきにんかん
世間	세간	せけん
世帯	가구	せたい
世代	세대	せだい
せっかく	모처럼, 애써	せっかく
積極的	적극적이다	せっきょくてき
設計	설계	せっけい
接する	접하다, 대하다	せっする
せっせと	부지런히	せっせと
説得	설득	せっとく
切ない	애달프다	せつない
設備	설비	せつび
背骨	척추	せぼね
迫る	다가오다, 강하게 요구하다	せまる
せめて	적어도	せめて
攻める	공격하다	せめる
責める	책망하다	せめる
台詞	대사	せりふ
栓	마개, 꼭지	せん
選挙	선거	せんきょ
戦後	전쟁 후	せんご
先祖	선조	せんぞ
先端	끝부분, 첨단	せんたん
先着順	선착순	せんちゃくじゅん
選定	선정	せんてい
先頭	선두	せんとう
専念	전념	せんねん
船便	배편	せんびん
鮮明	선명하다	せんめい
専門別	전문별	せんもんべつ
戦略	전략	せんりゃく
線路沿い	철로변	せんろぞい
贅沢	사치	ぜいたく
税務署	세무서	ぜいむしょ
絶景	절경	ぜっけい
絶好調	최상의 상태	ぜっこうちょう
絶品	일품	ぜっぴん
是非とも	꼭	ぜひとも
前期	전기	ぜんき
前者	전자	ぜんしゃ
前社長	전 사장	ぜんしゃちょう
前進	전진	ぜんしん
前町長	전 읍장	ぜんちょうちょう
全般	전반	ぜんぱん
全般的	전반적이다	ぜんぱんてき
善良	선량하다	ぜんりょう
全力	전력	ぜんりょく
沿う	(길이나 선을) 따라가다, (방침을) 따르다, (기대에) 부합하다	そう
相違	다름	そうい
そういえば	그러고 보니	そういえば
総売上	총매출	そううりあげ
総額	총액	そうがく
倉庫	창고	そうこ
相互	상호	そうご
捜査	수사	そうさ
操作	조작	そうさ
創作	창작	そうさく
惣菜	반찬	そうざい
葬式	장례식	そうしき
送信元	발신지	そうしんもと
総人口	총인구	そうじんこう
騒々しい	소란스럽다	そうぞうしい
装置	장치	そうち
想定	상정	そうてい
総動員	총동원	そうどういん
即位	즉위	そくい
即座	즉시	そくざ
即座に	즉시	そくざに
速力	속력	そくりょく
そこで	그래서	そこで
素材	소재	そざい
組織	조직	そしき
素質	소질	そしつ
祖先	조상	そせん
そそっかしい	덜렁대다	そそっかしい
育ち	자람	そだち
率直	솔직하다	そっちょく
供える	바치다	そなえる
備える	갖추다, 대비하다	そなえる
その上	그 위에	そのうえ
そのうち	머지않아, 그중	そのうち
そのため	그 때문에	そのため
その他	그 밖	そのほか
そのもの	그 자체	そのもの
粗末	변변찮다, 함부로 다루다	そまつ
剃る	면도하다	そる
それでも	그래도	それでも
それとも	아니면	それとも
それどころか	그건커녕	それどころか
それなのに	그런데도	それなのに
それにしても	그렇다 해도	それにしても
逸れる	빗나가다	それる
揃う	갖추어지다, 일치하다, 모이다	そろう
揃える	갖추다, 가지런히 하다, 크기 등을 맞추다	そろえる
そろばん	주판	そろばん
損	손해	そん
損害	손해	そんがい
尊敬	존경	そんけい
損失	손실	そんしつ
損する	손해를 보다	そんする
尊重	존중	そんちょう
損得	손익	そんとく
象	코끼리	ぞう
臓器	장기	ぞうき
造船	조선	ぞうせん
増大	증대	ぞうだい
続出	속출	ぞくしゅつ
属する	속하다	ぞくする
続々	잇달아	ぞくぞく
ぞろぞろ	줄줄	ぞろぞろ
対応	대응, 지원하다	たいおう
体格	체격	たいかく
体感	체감	たいかん
大気	대기	たいき
退屈	지루하다	たいくつ
体系	체계	たいけい
対決	대결	たいけつ
太鼓	북	たいこ
対抗	대항	たいこう
対抗心	대항심	たいこうしん
対策	대책	たいさく
大した	대단한	たいした
大衆	대중	たいしゅう
対照	대조	たいしょう
対象	대상	たいしょう
体制	체제	たいせい
体積	부피	たいせき
大戦	대전	たいせん
体操	체조	たいそう
対等	대등하다	たいとう
大半	대부분	たいはん
大木	거목	たいぼく
対面	대면	たいめん
体毛	체모	たいもう
太陽	태양	たいよう
平ら	평평하다	たいら
大陸	대륙	たいりく
対立	대립	たいりつ
田植え	모내기	たうえ
絶えず	끊임없이	たえず
堪える	견디다, …할 만하다	たえる
耐える	견디다	たえる
倒す	쓰러뜨리다	たおす
耕す	(밭을) 갈다	たがやす
滝	폭포	たき
多機能	다기능	たきのう
炊く	(밥을) 짓다	たく
蓄える	축적하다	たくわえる
多彩	다채롭다	たさい
確か	확실하다, (기억이 맞다면) 아마	たしか
尋ねる	묻다, 찾다	たずねる
叩く	치다, 비판하다	たたく
畳	다다미	たたみ
多大	매우 크다	ただい
ただし	다만	ただし
直ちに	곧바로	ただちに
たちまち	금세	たちまち
達する	도달하다	たっする
達成	달성	たっせい
たとえ	예, 비유, 설령	たとえ
例える	비유하다	たとえる
谷	계곡	たに
種	씨, 원인, 소재	たね
頼みづらい	부탁하기 어렵다	たのみづらい
田畑	논밭	たはた
束	다발	たば
束ねる	묶다, 통솔하다	たばねる
旅	여행	たび
旅先	여행지	たびさき
たびたび	여러 번	たびたび
多分	아마	たぶん
食べ頃	먹기 좋은 때	たべごろ
食べづらい	먹기 힘들다	たべづらい
たまらない	견딜 수 없다	たまらない
溜まる	모이다	たまる
貯まる	(돈이) 모이다	たまる
試す	시험해 보다	ためす
溜める	모으다, (요금 등을) 체납하다	ためる
保つ	유지하다	たもつ
便り	소식	たより
頼り	의지가 되는 것	たより
短縮	단축	たんしゅく
短所	단점	たんしょ
単純	단순하다	たんじゅん
淡水	담수	たんすい
単なる	단순한	たんなる
担任	담임	たんにん
淡泊	담백하다	たんぱく
単品	단품	たんぴん
田んぼ	논	たんぼ
題	제목, (시험) 문제	だい
第一印象	첫인상	だいいちいんしょう
題材	소재	だいざい
大小	크기	だいしょう
大臣	장관	だいじん
代表	대표	だいひょう
題名	제목	だいめい
代名詞	대명사	だいめいし
ダイレクト	직접적이다	だいれくと
楕円	타원	だえん
脱落	탈락, 누락되다	だつらく
妥当	타당하다	だとう
～だらけ	~투성이	だらけ
だらしない	칠칠하지 못하다, 나약하다	だらしない
段階	단계	だんかい
男女	남녀	だんじょ
団地	주택 단지	だんち
断定	단정	だんてい
治安	치안	ちあん
地位	지위	ちい
知恵	지혜	ちえ
遅延	지연	ちえん
誓う	맹세하다	ちかう
近頃	요즘	ちかごろ
近々	조만간	ちかぢか
近寄る	다가가다	ちかよる
力強い	힘차다, 마음이 든든하다	ちからづよい
千切る	뜯다	ちぎる
契る	맹세하다	ちぎる
蓄積	축적	ちくせき
ちくちく	따끔따끔	ちくちく
遅刻がち	지각이 잦다	ちこくがち
知事	지사	ちじ
知性	지성	ちせい
地帯	지대	ちたい
縮まる	줄어들다	ちぢまる
縮む	줄어들다	ちぢむ
縮める	줄이다, 움츠리다	ちぢめる
縮れる	곱슬거리다	ちぢれる
秩序	질서	ちつじょ
地点	지점	ちてん
ちなみに	참고로	ちなみに
知能	지능	ちのう
地平線	지평선	ちへいせん
着々	착착	ちゃくちゃく
ちゃんと	제대로	ちゃんと
中継	중계	ちゅうけい
抽象	추상	ちゅうしょう
抽象的	추상적이다	ちゅうしょうてき
忠実	충실하다	ちゅうじつ
抽選	추첨	ちゅうせん
中断	중단	ちゅうだん
中立	중립	ちゅうりつ
長官	장관	ちょうかん
長期	장기	ちょうき
朝食付き	조식 포함	ちょうしょくつき
頂上	정상	ちょうじょう
調整	조정	ちょうせい
調節	조절	ちょうせつ
挑戦	도전	ちょうせん
頂点	정점	ちょうてん
長方形	직사각형	ちょうほうけい
直進	직진	ちょくしん
直前	직전, 바로 앞	ちょくぜん
著者	저자	ちょしゃ
著書	저서	ちょしょ
貯蔵	저장	ちょぞう
直角	직각	ちょっかく
直径	직경	ちょっけい
直行	직행	ちょっこう
ちょっとした	사소한, 상당한	ちょっとした
散らかす	어지르다	ちらかす
散らかる	어질러지다	ちらかる
散らす	흩뜨리다	ちらす
散る	(꽃이나 잎이) 지다, 흩어지다	ちる
賃金	임금	ちんぎん
ついている	붙어 있다, 운이 좋다	ついている
通貨	통화	つうか
通学	통학	つうがく
通行	통행	つうこう
通常	통상	つうじょう
通達	통지, 통달하다	つうたつ
通販	통신 판매	つうはん
通報	통보	つうほう
通路	통로	つうろ
通話	통화	つうわ
使いこなす	능숙하게 다루다	つかいこなす
使い込む	오래 써서 익숙해지다, 횡령하다	つかいこむ
使い道	쓰임새	つかいみち
捕まえる	붙잡다	つかまえる
疲れ気味	피곤한 기미가 있다	つかれぎみ
突き当たり	막다른 곳	つきあたり
突き当たる	부딪히다, 다다르다	つきあたる
尽きる	다하다	つきる
就く	취임하다	つく
次ぐ	뒤를 잇다	つぐ
継ぐ	잇다	つぐ
償う	보상하다, 속죄하다	つぐなう
付け加える	덧붙이다	つけくわえる
突っ込む	쑤셔 넣다, 파고들다, 날카롭게 지적하다	つっこむ
慎む	삼가다	つつしむ
努める	노력하다	つとめる
つながる	이어지다	つながる
繋ぐ	연결하다	つなぐ
つなげる	연결하다	つなげる
つねる	꼬집다	つねる
唾	침	つば
粒	알	つぶ
潰す	찌부러뜨리다, 망하게 하다, 시간을 때우다	つぶす
潰れる	찌그러지다, 도산하다, 무산되다	つぶれる
つまずく	걸려 넘어지다, 실패하다	つまずく
つまり	즉, 막힘	つまり
詰まる	가득 차다, 막히다	つまる
罪	죄	つみ
積み重なる	쌓이다	つみかさなる
積み重ね	쌓임	つみかさね
罪する	처벌하다	つみする
摘む	따다	つむ
積む	쌓다, 싣다	つむ
詰め込む	가득 채우다	つめこむ
強気	자신만만하다, 강세	つよき
強火	센 불	つよび
強み	강점	つよみ
辛い	괴롭다	つらい
釣り	낚시, 거스름돈	つり
釣り合う	균형이 맞다, 어울리다	つりあう
吊る	매달다	つる
吊るす	매달다	つるす
連れ	동행인	つれ
連れ出す	데리고 나가다	つれだす
定価	정가	ていか
低価格	저가	ていかかく
定期券	정기권	ていきけん
定休日	정기 휴무일	ていきゅうび
提携	제휴	ていけい
抵抗	저항, 거부감	ていこう
提示	제시	ていじ
訂正	정정	ていせい
定年	정년	ていねん
停留所	정류소	ていりゅうじょ
低カロリー	저칼로리	ていカロリー
低レベル	낮은 수준	ていレベル
手軽	간편하다	てがる
敵	적	てき
的確	정확하다	てきかく
適する	적합하다	てきする
適切	적절하다	てきせつ
適度	적당하다	てきど
適用	적용	てきよう
手頃	적당하다	てごろ
手帳	수첩	てちょう
撤去	철거	てっきょ
鉄橋	철교	てっきょう
徹底的	철저하다	てっていてき
鉄砲	총	てっぽう
鉄	철	てつ
哲学	철학	てつがく
手間	수고	てま
手間賃	수고비	てまちん
照らし合わせる	대조하다	てらしあわせる
照らす	비추다	てらす
照る	빛나다	てる
添加	첨가	てんか
展開	전개	てんかい
転勤	전근	てんきん
典型的	전형적이다	てんけいてき
点検	점검	てんけん
天職	천직	てんしょく
転職	이직	てんしょく
天井	천장	てんじょう
店内	가게 안	てんない
天然	천연, (사람이) 엉뚱한 허당이다	てんねん
添付	첨부	てんぷ
出来立て	갓 만들어진 것	できたて
弟子	제자	でし
でたらめ	엉터리, 아무렇게나	でたらめ
出迎え	마중	でむかえ
田園	전원	でんえん
伝記	전기	でんき
電気代	전기세	でんきだい
電子	전자	でんし
電車賃	전철 요금	でんしゃちん
伝承	전승	でんしょう
伝授	전수	でんじゅ
電卓	계산기	でんたく
電池	전지	でんち
電波	전파	でんぱ
電流	전류	でんりゅう
電力	전력	でんりょく
問いかける	질문을 던지다	といかける
統一	통일	とういつ
東京駅発	도쿄역 출발	とうきょうえきはつ
討議	토의	とうぎ
峠	고개, 고비	とうげ
登校	등교	とうこう
東西	동서	とうざい
投書	투고	とうしょ
当時	당시	とうじ
到達	도달하다	とうたつ
尊い	소중하다, 존귀하다	とうとい
盗難	도난	とうなん
当番	당번	とうばん
投票率	투표율	とうひょうりつ
当分	당분간	とうぶん
逃亡	도망	とうぼう
透明	투명하다	とうめい
登録	등록	とうろく
討論	토론	とうろん
通す	통하게 하다, 거치다, 끝까지 하다	とおす
通りかかる	마침 지나가다	とおりかかる
都会育ち	도시에서 자라다	とかいそだち
尖る	뾰족해지다, 날카로워지다	とがる
解き始める	풀기 시작하다	ときはじめる
特殊	특수	とくしゅ
特性	특성	とくせい
特徴	특징	とくちょう
特定	특정	とくてい
溶け込む	녹아들다	とけこむ
ところが	그런데	ところが
ところで	그런데, 설령 ~해도	ところで
ところどころ	군데군데	ところどころ
登山	등산	とざん
年明け	연초	としあけ
図書	도서	としょ
途端	그 순간	とたん
途端に	바로 그 순간에	とたんに
戸棚	수납장	とだな
特権	특권	とっけん
整う	갖추어지다, 정돈되다	ととのう
整える	정돈하다, 갖추다, 조정하다	ととのえる
留まる	머무르다	とどまる
とにかく	어쨌든, 정말	とにかく
飛び上がる	뛰어오르다	とびあがる
飛び降りる	뛰어내리다	とびおりる
飛び交う	어지럽게 날아다니다	とびかう
飛び立つ	날아오르다	とびたつ
飛び出す	뛰쳐나가다, 튀어나오다	とびだす
飛び散る	사방으로 흩어지다	とびちる
飛びつく	달려들다	とびつく
乏しい	부족하다	とぼしい
ともかく	어쨌든, 제쳐 두고	ともかく
伴う	동반하다	ともなう
共に	함께, 둘 다	ともに
とりあえず	일단	とりあえず
取り上げる	집어 들다, 다루다, 빼앗다	とりあげる
取り扱う	다루다	とりあつかう
取り入れる	거두어들이다, 받아들이다	とりいれる
取り掛かる	착수하다	とりかかる
取り組む	몰두하다, 맞붙다	とりくむ
取り払う	없애다	とりはらう
取れる	(붙어 있던 것이) 떨어지다, 사라지다, (휴가나 자격 등을) 얻을 수 있다	とれる
とんでもない	당치 않다, 별말씀을요	とんでもない
同意見	같은 의견	どういけん
同一	동일하다	どういつ
同格	동격	どうかく
動画	동영상	どうが
動機	동기	どうき
同情	동정	どうじょう
どうせ	어차피	どうせ
同世代	같은 세대	どうせだい
道徳	도덕	どうとく
導入	도입	どうにゅう
同年齢	같은 나이	どうねんれい
童謡	동요	どうよう
同僚	동료	どうりょう
童話	동화	どうわ
毒	독	どく
読書離れ	독서에서 멀어짐	どくしょばなれ
独自	독자적이다	どくじ
毒する	(정신이나 사회를) 해치다	どくする
どける	치우다	どける
どしどし	잇따라, 거침없이	どしどし
土台	토대, 애초에	どだい
どっしり	묵직하게	どっしり
どっと	왁자글, 한꺼번에	どっと
どろどろ	질척질척하다, 감정이나 관계가 추잡하게 얽히다	どろどろ
鈍感	둔감하다	どんかん
丼	사발, 덮밥	どんぶり
なお	여전히, 더욱, 또한	なお
半ば	중간, 절반, 거의	なかば
仲良く	사이좋게	なかよく
長生き	장수	ながいき
長年	오랜 세월	ながねん
長引く	길어지다	ながびく
眺め	경치	ながめ
眺める	바라보다	ながめる
泣き出す	울기 시작하다	なきだす
殴る	때리다	なぐる
嘆く	한탄하다	なげく
和む	누그러지다	なごむ
和やか	온화하다	なごやか
情けない	한심하다	なさけない
無し	없음	なし
なぜなら	왜냐하면	なぜなら
謎	수수께끼	なぞ
なぞらえる	견주다, 본뜨다	なぞらえる
名高い	유명하다	なだかい
納得	납득하다	なっとく
夏休み明け	여름방학 직후	なつやすみあけ
撫でる	쓰다듬다	なでる
何しろ	어쨌든, 워낙	なにしろ
何分	아무쪼록, 어쨌든	なにぶん
鍋	냄비, 전골	なべ
生意気	건방지다	なまいき
並木	가로수	なみき
倣う	모방하다	ならう
成田発	나리타발	なりたはつ
馴れ馴れしい	(친하지 않은데) 친한 듯 굴다	なれなれしい
縄	밧줄	なわ
南極	남극	なんきょく
何て	얼마나, 뭐라고	なんて
何で	왜, 무엇으로	なんで
何とも	정말, 전혀	なんとも
何度も	몇 번이고	なんども
南米	남미	なんべい
何らか	어떤	なんらか
煮える	익다	にえる
匂う	냄새나다	におう
逃がす	놓아주다, 놓치다	にがす
苦手	서툴다, 꺼리다	にがて
握りしめる	꽉 움켜쥐다	にぎりしめる
憎い	밉다, 얄밉게 멋지다	にくい
憎む	미워하다	にくむ
憎らしい	얄밉다	にくらしい
肉類	육류	にくるい
にこやか	환하게 웃다	にこやか
濁る	탁해지다	にごる
煮魚	생선조림	にざかな
虹	무지개	にじ
日光	햇빛	にっこう
にっこり	방긋	にっこり
日中	낮, 일본과 중국	にっちゅう
二度と	두 번 다시	にどと
担う	짊어지다, 맡다	になう
鈍い	둔하다	にぶい
日本語版	일본어판	にほんごばん
日本式	일본식	にほんしき
日本風	일본풍	にほんふう
日本流	일본식	にほんりゅう
入社	입사	にゅうしゃ
抜く	뽑다, 앞지르다	ぬく
盗む	훔치다	ぬすむ
布	천	ぬの
塗る	바르다	ぬる
ネジ	나사, 태엽	ねじ
ねじる	비틀다	ねじる
熱帯	열대	ねったい
熱中	열중	ねっちゅう
熱演	열연	ねつえん
粘り強い	끈기 있다	ねばりづよい
値引き	할인	ねびき
寝間着	잠옷	ねまき
眠り	잠	ねむり
狙い	노림	ねらい
年代順	연대순	ねんだいじゅん
年度	연도	ねんど
農家	농가	のうか
濃厚	농후하다	のうこう
農産物	농산물	のうさんぶつ
納税	납세	のうぜい
濃度	농도	のうど
納付	납부	のうふ
農薬	농약	のうやく
能率	능률	のうりつ
逃す	놓치다, 놓아주다	のがす
逃れる	벗어나다	のがれる
軒	처마	のき
残らず	남김없이	のこらず
残る	남다	のこる
除く	제거하다, 제외하다	のぞく
望ましい	바람직하다	のぞましい
望み	희망	のぞみ
望む	바라다, 바라보다	のぞむ
後ほど	나중에	のちほど
のびのび	자유롭게	のびのび
昇る	(해나 달이) 뜨다	のぼる
糊	풀	のり
乗り越す	내릴 곳을 지나치다	のりこす
乗り過ごす	내릴 곳을 지나치다	のりすごす
乗り継ぐ	갈아타다	のりつぐ
のろい	느리다, 둔하다	のろい
呑気	태평하다	のんき
灰色	회색	はいいろ
廃止	폐지	はいし
配置	배치	はいち
配布	배포	はいふ
配分	배분	はいぶん
俳優	배우	はいゆう
墓	무덤	はか
博士	박사	はかせ
墓参り	성묘	はかまいり
秤	저울	はかり
吐き気	구역질	はきけ
拍手	박수	はくしゅ
薄弱	박약하다	はくじゃく
歯車	톱니바퀴	はぐるま
はげる	벗겨지다, (색이) 바래다	はげる
挟まる	끼이다	はさまる
挟む	끼다	はさむ
破産	파산	はさん
端	끝	はし
梯子	사다리, 여러 곳을 잇달아 다니다	はしご
柱	기둥	はしら
恥	부끄러움	はじ
初め	처음, ~을 비롯하여	はじめ
蓮	연꽃	はす
外す	떼다, (자리를) 비우다	はずす
外れる	(결합이 풀리거나 대상에서) 빠지다, 빗나가다, (규칙이나 기준에) 어긋나다	はずれる
旗	깃발	はた
果たして	과연	はたして
果たす	완수하다	はたす
働き手	일꾼	はたらきて
肌	피부	はだ
裸	벌거벗은 상태	はだか
肌着	속옷	はだぎ
裸足	맨발, 전문가를 능가함	はだし
発揮	발휘	はっき
発行元	발행처	はっこうもと
発車	발차	はっしゃ
初体験	첫 경험	はつたいけん
派手	화려하다	はで
話し込む	이야기에 열중하다	はなしこむ
話しづらい	말하기 어렵다	はなしづらい
放す	놓다	はなす
甚だしい	심하다	はなはだしい
花嫁	신부	はなよめ
離れる	떨어지다, 떠나다	はなれる
羽	깃털, 날개	はね
跳ねる	뛰어오르다, 튀다, 끝나다	はねる
幅	폭	はば
省く	생략하다, 줄이다	はぶく
破片	파편	はへん
はめる	끼우다, 함정에 빠뜨리다	はめる
早起き	일찍 일어나다	はやおき
速さ	속도	はやさ
早まる	앞당겨지다, 성급하게 굴다, 빨라지다	はやまる
払い込む	납입하다	はらいこむ
腹が立つ	화가 나다	はらがたつ
腹立つ	화나다	はらだつ
腹を立てる	화를 내다	はらをたてる
針	바늘	はり
針金	철사	はりがね
張り切る	의욕이 넘치다	はりきる
張る	붙이다, 팽팽하게 펴다, 값이 나가다	はる
貼る	붙이다	はる
遥か	아득하다	はるか
春先	초봄	はるさき
晴れやか	쾌청하다	はれやか
腫れる	붓다	はれる
繁栄	번영	はんえい
半径	반지름	はんけい
ハンコ	도장	はんこ
反抗	반항	はんこう
反社会的	반사회적이다	はんしゃかいてき
判事	판사	はんじ
半数	절반	はんすう
半世紀	반세기	はんせいき
反則	반칙	はんそく
半袖	반소매	はんそで
半透明	반투명	はんとうめい
反復	반복	はんぷく
反面	반면	はんめん
反論	반론	はんろん
場	장	ば
馬鹿	바보, 시시하다, 엄청나게	ばか
馬鹿馬鹿しい	어처구니없다	ばかばかしい
馬鹿らしい	바보 같다	ばからしい
莫大	막대하다	ばくだい
爆弾	폭탄	ばくだん
爆発	폭발	ばくはつ
罰する	처벌하다	ばっする
バネ	스프링, 발판	ばね
万歳	만세, 두 손 들다	ばんざい
冷え込む	(날씨가) 몹시 추워지다, 악화되다	ひえこむ
比較的	비교적	ひかくてき
日陰	그늘	ひかげ
被害	피해	ひがい
率いる	이끌다	ひきいる
引き返す	되돌아가다	ひきかえす
引き止める	말리다	ひきとめる
引き離す	떼어놓다	ひきはなす
卑怯	비겁하다	ひきょう
引き分け	무승부	ひきわけ
惹く	마음을 끌다	ひく
秘訣	비결	ひけつ
悲劇	비극	ひげき
非公式	비공식	ひこうしき
日頃	평소	ひごろ
久しぶり	오랜만	ひさしぶり
膝	무릎	ひざ
日差し	햇살	ひざし
肘	팔꿈치	ひじ
非常	비상, 대단하다	ひじょう
非常識	비상식	ひじょうしき
ひそひそ	소곤소곤	ひそひそ
額	이마	ひたい
浸す	적시다	ひたす
引っかかる	걸리다	ひっかかる
ひっくり返る	뒤집히다, 넘어지다	ひっくりかえる
引っ込む	안쪽으로 들어가다, 물러나다	ひっこむ
必死	필사적이다	ひっし
筆者	필자	ひっしゃ
引っ張る	끌다	ひっぱる
必需品	필수품	ひつじゅひん
否定	부정	ひてい
人柄	인품	ひとがら
一言	한마디	ひとこと
等しい	같다	ひとしい
一仕事	한 가지 일, 힘든 일	ひとしごと
一通り	한 번 쭉, 보통	ひととおり
人通り	사람의 왕래	ひとどおり
一握り	한 줌	ひとにぎり
一眠り	한숨 자다	ひとねむり
瞳	눈동자	ひとみ
独り言	혼잣말	ひとりごと
一人一人	한 사람 한 사람	ひとりひとり
ひどい	심하다	ひどい
避難	피난	ひなん
皮肉	비꼼, 아이러니하다	ひにく
ひねる	비틀다, 가볍게 이기다	ひねる
日の出	해돋이	ひので
日々	나날	ひび
響く	울리다, 마음에 와닿다, 영향을 미치다	ひびく
皮膚	피부	ひふ
非暴力	비폭력	ひぼうりょく
秘密	비밀	ひみつ
ひも	끈, 여자에게 얹혀사는 남자	ひも
表現	표현	ひょうげん
標識	표지	ひょうしき
標準	표준	ひょうじゅん
評判	평판, 소문, 유명하다	ひょうばん
標本	표본	ひょうほん
比率	비율	ひりつ
比例	비례	ひれい
疲労	피로	ひろう
広がる	넓어지다	ひろがる
広める	퍼뜨리다, 넓히다	ひろめる
びっしょり	흠뻑 젖다	びっしょり
微妙	미묘하다, 별로다	びみょう
病気がち	병이 잦다	びょうきがち
病的	병적이다	びょうてき
病棟	병동	びょうとう
平等	평등	びょうどう
瓶	병	びん
敏感	민감하다	びんかん
不安定	불안정하다	ふあんてい
風船	풍선	ふうせん
不運	불운	ふうん
笛	피리, 호루라기	ふえ
フォーマル	격식적이다	ふぉおまる
不可	불가	ふか
深める	깊게 하다	ふかめる
不完全	불완전하다	ふかんぜん
不規則	불규칙하다	ふきそく
普及	보급	ふきゅう
付近	부근	ふきん
拭く	닦다	ふく
副詞	부사	ふくし
福祉	복지	ふくし
福祉家	복지 전문가	ふくしか
複写	복사	ふくしゃ
副社長	부사장	ふくしゃちょう
服従	복종	ふくじゅう
副大臣	부대신	ふくだいじん
含む	포함하다, 입에 머금다	ふくむ
含める	포함하다	ふくめる
膨らます	부풀리다	ふくらます
膨らむ	부풀다	ふくらむ
不潔	불결하다	ふけつ
更ける	깊어지다	ふける
不幸	불행, 죽음	ふこう
不公平	불공평	ふこうへい
符号	부호	ふごう
塞がる	막히다, 아물다, 자리나 방이 차다	ふさがる
塞ぐ	구멍이나 통로 등을 막다, 차지하다	ふさぐ
ふさふさ	(털이나 머리카락이) 풍성하다	ふさふさ
相応しい	어울리다	ふさわしい
節	마디, 가락, 점	ふし
不思議	신기하다	ふしぎ
不正	부정	ふせい
不正確	부정확하다	ふせいかく
付属	부속	ふぞく
蓋	뚜껑	ふた
双子	쌍둥이	ふたご
二人連れ	두 사람 일행	ふたりづれ
負担	부담	ふたん
復旧	복구	ふっきゅう
復興	부흥	ふっこう
不都合	형편이 좋지 않다	ふつごう
不得意	서투르다	ふとくい
不慣れ	익숙하지 않다	ふなれ
吹雪	눈보라	ふぶき
不平	불평	ふへい
踏む	밟다	ふむ
不愉快	불쾌하다	ふゆかい
不利	불리하다	ふり
不利益	불이익	ふりえき
振り込む	송금하다	ふりこむ
振り向く	뒤돌아보다	ふりむく
震える	떨리다	ふるえる
ふるさと	고향	ふるさと
振る舞う	행동하다, 대접하다	ふるまう
触れ合う	서로 닿다	ふれあう
付録	부록	ふろく
ふわふわ	붕 뜨다, 폭신폭신하다	ふわふわ
噴火	분화	ふんか
噴水	분수	ふんすい
ふんわり	폭신폭신	ふんわり
無愛想	무뚝뚝하다	ぶあいそう
分厚い	두툼하다	ぶあつい
部員	부원	ぶいん
部活	동아리 활동	ぶかつ
ぶかぶか	(옷이나 신발이) 헐렁하다	ぶかぶか
武器	무기	ぶき
不器用	서투르다	ぶきよう
無沙汰	오랫동안 연락하지 않다	ぶさた
武士	무사	ぶし
部署	부서	ぶしょ
無事	무사하다	ぶじ
舞台	무대	ぶたい
物騒	흉흉하다	ぶっそう
物体	물체	ぶったい
ぶつかる	부딪치다, (일정이) 겹치다	ぶつかる
仏像	불상	ぶつぞう
部分的	부분적이다	ぶぶんてき
ぶら下がる	매달리다	ぶらさがる
ぶら下げる	매달다	ぶらさげる
ぶるぶる	부들부들	ぶるぶる
分解	분해	ぶんかい
文化祭	학교 축제	ぶんかさい
分割	분할	ぶんかつ
文学賞	문학상	ぶんがくしょう
分析	분석	ぶんせき
分節	분절	ぶんせつ
分担	분담	ぶんたん
文明	문명	ぶんめい
塀	담	へい
閉会	폐회	へいかい
兵隊	군대, 병사	へいたい
平野	평야	へいや
平和	평화	へいわ
凹む	움푹 들어가다, 기가 꺾이다, 손해를 보다	へこむ
へそ	배꼽	へそ
隔てる	(사이를) 떼다, 사이에 두다, 멀리하다	へだてる
減らす	줄이다	へらす
返却	반납	へんきゃく
編集	편집	へんしゅう
返信	답장	へんしん
返品	반품	へんぴん
ベーシック	기본적이다	べえしっく
べたべた	끈적끈적하다	べたべた
別世界	별세계	べっせかい
別会場	별도 행사장	べつかいじょう
別人	다른 사람	べつじん
勉強づけ	공부에만 몰두함	べんきょうづけ
勉強漬け	공부에 열중함	べんきょうづけ
放映	방영	ほうえい
ほうき	빗자루	ほうき
方言	방언	ほうげん
報告書	보고서	ほうこくしょ
奉仕	봉사	ほうし
放出	방출	ほうしゅつ
方針	방침	ほうしん
宝石	보석	ほうせき
包装	포장	ほうそう
包帯	붕대	ほうたい
報道	보도	ほうどう
豊富	풍부하다	ほうふ
方々	여기저기	ほうぼう
放る	내팽개치다	ほうる
頬	볼	ほお
ほかほか	따끈따끈	ほかほか
補給	보급	ほきゅう
補強	보강	ほきょう
北米	북미	ほくべい
補修	보수	ほしゅう
保証	보증	ほしょう
保証金	보증금	ほしょうきん
補充	보충	ほじゅう
補助	보조	ほじょ
舗装	포장	ほそう
補足	보충	ほそく
北極	북극	ほっきょく
ほっと	안심하다	ほっと
ほとんどない	거의 없다	ほとんどない
骨	뼈	ほね
炎	불꽃	ほのお
微笑む	미소 짓다	ほほえむ
ほぼ	거의, 대략	ほぼ
掘る	파다	ほる
本採用	정식 채용	ほんさいよう
本社	본사	ほんしゃ
本書	이 책	ほんしょ
本日	오늘	ほんじつ
本登録	본등록	ほんとうろく
ほんの	그저	ほんの
本物	진짜	ほんもの
本来	본래	ほんらい
本論	본론	ほんろん
棒	막대, 선	ぼう
望遠鏡	망원경	ぼうえんきょう
冒険	모험	ぼうけん
暴言	폭언	ぼうげん
暴行	폭행, 성폭행	ぼうこう
防災	방재	ぼうさい
帽子	모자	ぼうし
防止	방지	ぼうし
牧場	목장	ぼくじょう
牧畜	목축	ぼくちく
ボロボロ	너덜너덜하다, 부스러지다, 뚝뚝	ぼろぼろ
盆地	분지	ぼんち
ぼんやり	희미하게, 멍하니	ぼんやり
真新しい	아주 새롭다	まあたらしい
まあまあ	그런대로, 자자	まあまあ
毎回	매번	まいかい
迷子	미아	まいご
真後ろ	바로 뒤	まうしろ
紛らわしい	헷갈리기 쉽다	まぎらわしい
間際	직전	まぎわ
枕	베개	まくら
摩擦	마찰	まさつ
まさに	바로, 마땅히	まさに
混じる	섞이다	まじる
増す	늘다	ます
待合室	대합실	まちあいしつ
街中	시내	まちなか
間近	아주 가깝다	まぢか
真っ白い	새하얗다	まっしろい
末	끝	まつ
祭りムード一色	축제 분위기 일색	まつりムードいっしょく
祀る	신을 모시다	まつる
窓際	창가	まどぎわ
真夏	한여름	まなつ
招く	초대하다, 초래하다	まねく
真似る	흉내 내다	まねる
真冬	한겨울	まふゆ
まぶた	눈꺼풀	まぶた
間も無く	곧	まもなく
真夜中	한밤중	まよなか
丸ごと	통째로	まるごと
まるで	마치, (부정문에서) 전혀	まるで
まれ	드물다	まれ
万年筆	만년필	まんねんひつ
万引き	가게 물건을 훔치다	まんびき
満了	만료	まんりょう
見かけ	겉보기	みかけ
味方	편	みかた
見方	보는 법	みかた
三日月	초승달	みかづき
磨く	닦다, 연마하다	みがく
未経験	미경험	みけいけん
見事	훌륭하다	みごと
未使用	미사용	みしよう
惨め	비참하다	みじめ
自ら	스스로	みずから
味噌	된장, 게 등의 내장, 핵심	みそ
味噌汁	된장국	みそしる
見出し	표제, 표제어	みだし
乱れる	흐트러지다	みだれる
導く	이끌다, 도출하다	みちびく
満ちる	차다	みちる
密接	밀접하다	みっせつ
密着	밀착	みっちゃく
みっともない	꼴사납다	みっともない
密閉	밀폐	みっぺい
見つめる	응시하다	みつめる
未提供	미제공	みていきょう
認める	인정하다, 허가하다, 알아차리다	みとめる
見直す	다시 보다	みなおす
見習う	본받다, 보고 배우다	みならう
見慣れる	눈에 익다	みなれる
醜い	추하다	みにくい
見逃す	놓치다, 잘못을 눈감아 주다	みのがす
実る	열매를 맺다	みのる
未発表	미발표	みはっぴょう
未払い	미지불	みはらい
見栄え	보기 좋음	みばえ
身分	신분, 분수	みぶん
見守る	지켜보다	みまもる
未満	미만	みまん
耳にする	듣다	みみにする
身元	신원	みもと
都	수도, 도시	みやこ
妙	묘하다	みょう
名字	성씨	みょうじ
魅力	매력	みりょく
見分ける	분간하다	みわける
見渡す	둘러보다	みわたす
民謡	민요	みんよう
向かい	맞은편	むかい
無回答	무응답	むかいとう
迎え	맞이	むかえ
ムカつく	화가 나다, 메스껍다	むかつく
無許可	무허가	むきょか
無口	말이 없다	むくち
無計画	무계획	むけいかく
向ける	향하게 하다	むける
無限	무한	むげん
虫歯	충치	むしば
無慈悲	무자비	むじひ
矛盾	모순	むじゅん
無数	무수하다	むすう
結びつく	연결되다	むすびつく
無責任	무책임	むせきにん
夢中	열중하다, 정신없이	むちゅう
虚しい	허무하다, 헛되다	むなしい
紫色	보라색	むらさきいろ
無理やり	억지로	むりやり
群れ	무리	むれ
芽	싹	め
目新しい	새롭다	めあたらしい
名演技	명연기	めいえんぎ
明確	명확하다	めいかく
名刺	명함	めいし
名所	명소	めいしょ
命じる	명령하다	めいじる
名選手	명선수	めいせんしゅ
名物	명물	めいぶつ
迷路	미로	めいろ
目上	윗사람	めうえ
めくる	(책장을) 넘기다	めくる
恵まれる	(좋은 환경이나 조건을) 누리다	めぐまれる
恵む	베풀다	めぐむ
目指す	목표로 하다	めざす
目印	표지	めじるし
召す	드시다, 입으시다	めす
めちゃくちゃ	엉망이다, 엄청	めちゃくちゃ
めっきり	부쩍	めっきり
滅多に	좀처럼	めったに
めでたい	경사스럽다, 순진해 빠지다	めでたい
目を通す	훑어보다	めをとおす
綿	면	めん
面	얼굴, 가면, 면	めん
免疫	면역	めんえき
免許	면허	めんきょ
面する	(길이나 바다 등에) 면하다	めんする
面積	면적	めんせき
面談	면담	めんだん
面倒	귀찮다	めんどう
儲かる	이익이 나다	もうかる
儲ける	이득을 얻다, 자녀를 두다	もうける
木材	목재	もくざい
目次	목차	もくじ
木製	목제	もくせい
木造	목조	もくぞう
潜る	잠수하다, 파고들다, 숨어들다	もぐる
もしも	만일	もしも
もたれる	기대다, 속이 더부룩하다	もたれる
餅	떡	もち
持ち上げる	들어 올리다, 추어올리다	もちあげる
用いる	사용하다	もちいる
持ち込む	반입하다, 제기하다	もちこむ
持ち主	소유자	もちぬし
最も	가장	もっとも
もてなす	대접하다	もてなす
元	근원, 원래, 전	もと
基づく	바탕을 두다	もとづく
もともと	원래, 밑져야 본전	もともと
戻す	되돌리다, 토하다	もどす
物音	물건에서 나는 소리	ものおと
物差し	잣대	ものさし
ものすごい	엄청나다, 무시무시하다	ものすごい
物足りない	무언가 아쉽다	ものたりない
模範	모범	もはん
揉む	주무르다, 논의하다, 시달리다	もむ
催し	행사	もよおし
催す	개최하다, 감정이나 생리적 느낌이 들다	もよおす
盛り上がる	불룩 솟아오르다, 고조되다	もりあがる
盛り上げる	돋우다	もりあげる
漏れる	새다, 빠지다	もれる
門限	통금 시간	もんげん
問答	문답	もんどう
やかましい	시끄럽다, 까다롭다	やかましい
やがて	이윽고	やがて
焼きたて	갓 구운 것	やきたて
焼き物	도자기, 구이	やきもの
野球場	야구장	やきゅうじょう
役者	배우, 수완가	やくしゃ
役所	관공서	やくしょ
役人	공무원	やくにん
薬品	약품	やくひん
役目	역할	やくめ
役目を果たす	역할을 다하다	やくめをはたす
焼ける	타다, 구워지다	やける
養う	기르다, 부양하다	やしなう
矢印	화살표	やじるし
休まる	편안해지다	やすまる
野生	야생	やせい
やっつける	해치우다	やっつける
やって来る	오다, 해 오다	やってくる
宿	숙소	やど
家主	집주인	やぬし
屋根	지붕	やね
破る	찢다, 깨다, 이기다	やぶる
敗れる	지다	やぶれる
山火事	산불	やまかじ
山小屋	산장	やまごや
やむを得ない	어쩔 수 없다	やむをえない
やや	다소	やや
やる気を出す	의욕을 내다	やるきをだす
柔らかい	부드럽다	やわらかい
軟らかい	부드럽다	やわらかい
唯一	유일	ゆいいつ
遺言	유언	ゆいごん
有効	유효하다	ゆうこう
優秀	우수하다	ゆうしゅう
優先度	우선도	ゆうせんど
有能	유능하다	ゆうのう
悠々	여유롭게	ゆうゆう
有利	유리하다	ゆうり
優良	우량	ゆうりょう
所以	이유	ゆえん
愉快	유쾌하다	ゆかい
浴衣	유카타	ゆかた
行方	행방, 향방	ゆくえ
輸血	수혈	ゆけつ
湯気	김	ゆげ
譲る	넘겨주다, 양보하다	ゆずる
輸送	수송	ゆそう
豊か	풍부하다, 부유하다	ゆたか
油断	방심하다	ゆだん
ユニーク	유니크하다	ゆにいく
湯飲み	찻잔	ゆのみ
溶岩	용암	ようがん
陽気	쾌활하다, 날씨	ようき
要求	요구	ようきゅう
用具	도구	ようぐ
用語	용어	ようご
容姿	외모	ようし
要所	중요한 지점	ようしょ
用心	조심	ようじん
用心深い	조심성이 많다	ようじんぶかい
要するに	요컨대	ようするに
容積	용적	ようせき
要素	요소	ようそ
幼稚	유치하다	ようち
要点	요점	ようてん
用途	용도	ようと
養分	양분	ようぶん
羊毛	양모	ようもう
要約	요약	ようやく
要領	요령	ようりょう
予感	예감	よかん
予期	예상	よき
欲	욕심	よく
よくなる	좋아지다	よくなる
余計	더, 쓸데없다	よけい
予告	예고	よこく
よす	그만두다	よす
寄せる	가까이 모으다, 보내다, 마음을 두다	よせる
予選	예선	よせん
予測	예측	よそく
酔っ払い	취객	よっぱらい
与党	여당	よとう
世の中	세상	よのなか
予備	예비	よび
予備校	입시 학원	よびこう
呼び止める	불러 세우다	よびとめる
余分	여분	よぶん
予防	예방	よぼう
嫁	신부, 며느리, 아내	よめ
予約制	예약제	よやくせい
寄りかかる	기대다, 의지하다	よりかかる
弱火	약불	よわび
弱み	약점	よわみ
来学期	다음 학기	らいがっき
来日	일본에 오다	らいにち
来シーズン	다음 시즌	らいシーズン
落選	낙선하다	らくせん
落第	낙제	らくだい
欄	란	らん
乱暴	난폭하다	らんぼう
利益	이익	りえき
理解	이해	りかい
利害	이해관계	りがい
陸地	육지	りくち
理屈	이치, 억지 논리	りくつ
利口	영리하다, (아이나 반려동물이) 말을 잘 듣다	りこう
履修	이수	りしゅう
理事会	이사회	りじかい
略す	줄이다, 생략하다	りゃくす
略する	줄이다, 생략하다	りゃくする
流域	유역	りゅういき
両国	양국	りょうこく
領収	영수	りょうしゅう
領収書	영수증	りょうしゅうしょ
領収証	영수증	りょうしゅうしょう
領事	영사	りょうじ
領土	영토	りょうど
理論	이론	りろん
臨時	임시	りんじ
例外	예외	れいがい
礼儀	예의	れいぎ
冷静	냉정하다	れいせい
零点	영점	れいてん
列島	열도	れっとう
連合	연합	れんごう
ろうそく	양초	ろうそく
労働	노동	ろうどう
録音	녹음	ろくおん
露出	노출	ろしゅつ
路線	노선	ろせん
論じる	논하다	ろんじる
論争	논쟁	ろんそう
輪	원	わ
別れ際	헤어질 때	わかれぎわ
若々しい	젊어 보이다	わかわかしい
我が	나의	わが
我が家	우리 집	わがや
脇	겨드랑이, 옆	わき
わくわく	설레다	わくわく
若人	젊은이	わこうど
わずかに	약간, 겨우	わずかに
煩わしい	귀찮다	わずらわしい
私宛て	(우편물이) 나 앞으로 오다	わたしあて
話題	화제	わだい
和風	일본풍	わふう
和服	일본식 옷	わふく
割り勘	각자 부담	わりかん
割り込む	끼어들다, 기준 아래로 떨어지다	わりこむ
割高	비싼 편이다	わりだか
割と	비교적	わりと
割安	상대적으로 저렴하다	わりやす
我々	우리	われわれ
湾	만	わん
アクセント	악센트	アクセント
アピール	호소, 어필	アピール
アポイントメント	면담 약속	アポイントメント
アメリカ流	미국식	アメリカりゅう
アルファベット順	알파벳순	アルファベットじゅん
アレンジ	편곡하다, 각색하다	アレンジ
インテリア	인테리어	インテリア
インパクト	임팩트	インパクト
ウイスキー	위스키	ウイスキー
ウール	울	ウール
エチケット	에티켓	エチケット
エラー	오류	エラー
エンジニア	엔지니어	エンジニア
オリジナル	오리지널	オリジナル
オリンピック	올림픽	オリンピック
オーケストラ	오케스트라	オーケストラ
オートメーション	자동화	オートメーション
カロリー	칼로리	カロリー
カー	자동차	カー
キャプテン	캡틴	キャプテン
クラシック	클래식	クラシック
クラブ	클럽	クラブ
クリア	투명하다, 클리어하다	クリア
クリーム	크림	クリーム
クリーム状	크림 상태	クリームじょう
グランド	대규모의	グランド
ゲスト	게스트	ゲスト
コック	요리사	コック
コマーシャル	광고, 상업적이다	コマーシャル
コレクション	컬렉션	コレクション
コンクリート	콘크리트	コンクリート
コンクール	콩쿠르	コンクール
コンプレックス	콤플렉스	コンプレックス
コーチ	코치	コーチ
コール	호출, 구호	コール
サイレン	사이렌	サイレン
サンプル	견본	サンプル
システム	시스템	システム
シャッター	셔터	シャッター
ショック	충격	ショック
シリーズ	시리즈	シリーズ
シーズン	시즌	シーズン
シーン	장면	シーン
ジャーナリスト	저널리스트	ジャーナリスト
ジーンズ	청바지	ジーンズ
スキー場	스키장	スキーじょう
スタイル	스타일, 몸매	スタイル
スタジアム	경기장	スタジアム
ステージ	무대, 단계	ステージ
スポンサー	스폰서	スポンサー
スムーズ	원활하다	スムーズ
スープ	수프	スープ
セメント	시멘트	セメント
ゼミ	세미나	ゼミ
タイミング	타이밍	タイミング
タイヤ	타이어	タイヤ
ターゲット	타깃	ターゲット
ダイヤ	다이아몬드, 열차 운행표	ダイヤ
ダブる	겹치다, 유급하다	ダブる
チェンジ	바꾸다	チェンジ
チャージ	충전, (음식점 등의) 자리세	チャージ
チーム	팀	チーム
テクニック	테크닉	テクニック
テント	텐트	テント
テンポ	템포	テンポ
トランプ	트럼프 카드	トランプ
トレーニング	트레이닝	トレーニング
ドライブ	드라이브	ドライブ
ナイロン	나일론	ナイロン
ナンバー	번호, 번호판	ナンバー
ニーズ	니즈	ニーズ
ハンドル	핸들, 닉네임	ハンドル
ハード	고되다, 하드웨어	ハード
バッグ	가방	バッグ
バランス	균형	バランス
バレエ団	발레단	バレエだん
パイプ	파이프	パイプ
パイロット	조종사	パイロット
パターン	패턴	パターン
パンク	(타이어가) 펑크 나다, 한계에 이르다	パンク
パンツ	팬티, 바지	パンツ
ビジネスマン風	비즈니스맨풍	ビジネスマンふう
ピストル	권총	ピストル
ピンポン	탁구, 초인종, 정답	ピンポン
フォーカス	포커스	フォーカス
フライパン	프라이팬	フライパン
フリー	자유로운, 무료, 프리랜서	フリー
フルーツ	과일	フルーツ
ブローチ	브로치	ブローチ
プライベート	사적이다	プライベート
プラスチック	플라스틱	プラスチック
プラットホーム	승강장	プラットホーム
プレッシャー	압박	プレッシャー
プロ	프로	プロ
プロジェクト	프로젝트	プロジェクト
ヘリコプター	헬리콥터	ヘリコプター
ベテラン	베테랑	ベテラン
ベビーカー	유모차	ベビーカー
ベンチ	벤치	ベンチ
ペア	페어	ペア
ペンキ	페인트	ペンキ
ボール状	공 모양	ボールじょう
ポイント	포인트, 소수점	ポイント
マイペース	마이페이스	マイペース
マスコミ	매스컴	マスコミ
マスター	마스터, 가게 주인	マスター
マーケット	시장	マーケット
ミシン	재봉틀	ミシン
ムード一色	한 가지 분위기로 가득하다	ムードいっしょく
メリット	이점	メリット
モダン	현대적이다	モダン
モチベーション	동기 부여	モチベーション
モデル	모델	モデル
モノレール	모노레일	モノレール
モーター	모터	モーター
ユニフォーム	유니폼	ユニフォーム
ヨット	요트	ヨット
ヨーロッパ風	유럽풍	ヨーロッパふう
ライター	라이터, 작가	ライター
ラグビー	럭비	ラグビー
ラケット	라켓	ラケット
ラッシュアワー	러시아워	ラッシュアワー
ランキング	랭킹	ランキング
リズム	리듬	リズム
リニューアル	리뉴얼	リニューアル
リハーサル	리허설	リハーサル
リーダー	리더	リーダー
レギュラー	정규의, 고정 멤버	レギュラー
レクリエーション	레크리에이션	レクリエーション
レジャー	레저	レジャー
レベルアップ	레벨업	レベルアップ
レポーター	리포터	レポーター
レンタル	대여	レンタル
ワイン	와인	ワイン
～一色	일색이다	～いっしょく
～発	~발	～はつ
愛顧	애용	あいこ
愛好	애호	あいこう
愛好者	애호가	あいこうしゃ
愛想	붙임성	あいそ
間柄	(사람 사이의) 관계	あいだがら
相も変わらず	여전히	あいもかわらず
あえて	굳이	あえて
仰ぐ	우러러보다, (가르침이나 도움을) 구하다	あおぐ
仰向け	위를 향함	あおむけ
煽る	부채질하다, 펄럭이게 하다, 앞차에 바짝 붙다	あおる
証	증거	あかし
赤字	적자	あかじ
明かす	밝히다, 밤을 새우다	あかす
暁	새벽, 어떤 일이 실현될 때	あかつき
空き	빈 공간	あき
商う	장사하다	あきなう
悪臭	악취	あくしゅう
あくどい	(색이) 지나치게 요란하다, 악랄하다	あくどい
悪癖	나쁜 버릇	あくへき
浅ましい	비열하다, 딱하다	あさましい
朝飯前	식은 죽 먹기, 아침 식사 전	あさめしまえ
欺く	속이다	あざむく
嘲笑う	비웃다	あざわらう
足手まとい	짐	あしでまとい
足止め	(사람을) 붙잡아 둠	あしどめ
味付け	양념	あじつけ
汗まみれ	땀투성이	あせまみれ
褪せる	빛바래다	あせる
値する	~할 가치가 있다	あたいする
頭打ち	한계에 이르다	あたまうち
あっけない	싱겁다	あっけない
あっさり	간단히, 담백하게	あっさり
斡旋	알선	あっせん
圧倒	압도	あっとう
圧迫	압박	あっぱく
あつらえる	맞추다	あつらえる
当て字	취음자	あてじ
当てはめる	(틀이나 조건에) 맞추다	あてはめる
後片付け	뒷정리	あとかたづけ
跡地	철거 부지	あとち
後回し	뒤로 미루기	あとまわし
あどけない	천진난만하다	あどけない
侮る	깔보다	あなどる
穴場	잘 알려지지 않은 명소	あなば
油絵	유화	あぶらえ
あべこべ	뒤바뀌다	あべこべ
天下り	낙하산 인사, 일방적인 지시	あまくだり
あやす	(아이를) 어르다	あやす
操る	(기계나 말이나 인형 등을) 다루다, 구사하다, (사람이나 여론을) 조종하다	あやつる
あやふや	애매하다	あやふや
危ぶむ	걱정하다	あやぶむ
荒らす	황폐하게 하다, (인터넷에서) 분탕질하다	あらす
新た	새롭다	あらた
荒っぽい	거칠다	あらっぽい
ありあり	뚜렷이	ありあり
ありきたり	흔하다	ありきたり
有様	상태	ありさま
ありのまま	있는 그대로	ありのまま
ありふれる	흔하다	ありふれる
安価	가격이 싸다	あんか
暗算	암산	あんざん
暗示	암시	あんじ
案じる	걱정하다	あんじる
安静	(환자가) 안정을 취하다	あんせい
安泰	평안하다	あんたい
安堵	안도하다	あんど
言い争い	말다툼	いいあらそい
言い放つ	딱 잘라 말하다	いいはなつ
言い分	할 말	いいぶん
言い回し	말의 표현 방식	いいまわし
言い渡す	통고하다	いいわたす
家出	가출	いえで
いかなる	어떠한	いかなる
いかにも	정말	いかにも
遺憾	유감	いかん
粋	멋스럽다, 사려 깊다	いき
生きがい	삶의 보람	いきがい
意気込み	열의	いきごみ
意気込む	의욕에 차다	いきごむ
憤り	분개	いきどおり
憤る	분개하다	いきどおる
意義	의의	いぎ
異議	이의	いぎ
偉業	위업	いぎょう
意気地	기개	いくじ
育児休暇	육아휴직	いくじきゅうか
育成	육성	いくせい
幾多	수많다	いくた
いくつか	몇 가지	いくつか
幾度	몇 번	いくど
生け花	꽃꽂이	いけばな
生ける	꽃을 꽂다, 심다, 살아 있는	いける
憩い	휴식	いこい
意向	의향	いこう
異国	이국	いこく
居心地	머물 때의 느낌	いごこち
居酒屋	선술집	いざかや
礎	주춧돌	いしずえ
意地	고집	いじ
偉人	위인	いじん
遺跡	유적	いせき
以前から	이전부터	いぜんから
急がす	재촉하다	いそがす
急がせる	서두르게 하다	いそがせる
依存	의존	いぞん
依存症	의존증	いぞんしょう
委託	위탁하다	いたく
頂	꼭대기	いただき
いたって	지극히	いたって
悼む	애도하다	いたむ
傷める	(몸을) 다치다	いためる
いたわる	돌보다, 노고를 위로하다	いたわる
一概に	일률적으로	いちがいに
一丸	한 덩어리	いちがん
一途	한결같다	いちず
一任	일임	いちにん
一面	일면, 온통, (신문의) 1면	いちめん
一文無し	무일푼	いちもんなし
一様	똑같다	いちよう
一律	일률적이다	いちりつ
一律に	일률적으로	いちりつに
一連	일련	いちれん
一家	한 가족	いっか
一括	일괄	いっかつ
一環	일환	いっかん
一喜一憂	일희일비	いっきいちゆう
一挙に	일거에	いっきょに
一見	언뜻 보기에, 한 번 보다	いっけん
一軒家	독채, 외딴집	いっけんや
一向に	전혀	いっこうに
一刻	잠시	いっこく
一切	일체	いっさい
いっそ	차라리	いっそ
一掃	일소하다	いっそう
一般教養	일반 교양	いっぱんきょうよう
一変	일변	いっぺん
逸材	뛰어난 인재	いつざい
逸脱	일탈	いつだつ
偽り	거짓	いつわり
偽る	속이다	いつわる
遺伝子	유전자	いでんし
意図	의도	いと
糸口	실마리	いとぐち
営む	(사업을) 경영하다	いとなむ
暇	틈, 휴가, 작별	いとま
いとも	매우	いとも
異動	인사 이동	いどう
挑む	도전하다	いどむ
田舎暮らし	시골 생활	いなかぐらし
否む	거절하다, 부인하다	いなむ
否めない	부정할 수 없다	いなめない
いびき	코골이	いびき
訝しい	의심스럽다	いぶかしい
今更	이제 와서, 새삼스럽게	いまさら
戒める	경고하다, 금지하다	いましめる
いまだ	아직	いまだ
忌み嫌う	혐오하다	いみきらう
いやいや	아니라고 하다, 마지못해	いやいや
否応なしに	싫든 좋든	いやおうなしに
癒し	치유	いやし
卑しい	천하다, 탐욕스럽다	いやしい
癒す	치유하다	いやす
いやに	이상하게	いやに
嫌味	불쾌한 언행, 비꼼	いやみ
威力	위력	いりょく
異例	이례적이다	いれい
色合い	색채	いろあい
彩る	색칠하다, 꾸미다	いろどる
異論	이의	いろん
違和感	위화감, 신체적 불편감	いわかん
印鑑	도장	いんかん
陰気	음침하다	いんき
隠居	은퇴하여 조용히 지내다	いんきょ
陰湿	음습하다	いんしつ
飲食店	음식점	いんしょくてん
引率	인솔	いんそつ
飲料	음료	いんりょう
浮かれる	들뜨다	うかれる
浮世絵	우키요에	うきよえ
請け負う	(일을) 맡다	うけおう
受け止める	받아내다, 받아들이다	うけとめる
受け流す	받아넘기다	うけながす
受け持つ	담당하다	うけもつ
憂さ晴らし	기분 전환	うさばらし
胡散臭い	수상쩍다	うさんくさい
薄々	어렴풋이	うすうす
渦	소용돌이	うず
うずうず	근질근질하다	うずうず
打ち合わせる	협의하다	うちあわせる
打ち込む	박아 넣다, (데이터를) 입력하다, 몰두하다	うちこむ
内輪	내부, 보수적으로 잡다	うちわ
内訳	내역	うちわけ
訴える	호소하다, 소송하다	うったえる
鬱陶しい	음울하다, 귀찮다	うっとうしい
移り住む	이주하다	うつりすむ
虚ろ	공허하다	うつろ
器	그릇	うつわ
腕前	솜씨	うでまえ
促す	재촉하다, 촉진하다	うながす
うなぎ登り	급상승	うなぎのぼり
うなだれる	고개를 떨구다	うなだれる
海原	넓은 바다	うなばら
うぬぼれる	자만하다	うぬぼれる
埋まる	묻히다, 채워지다	うまる
生み出す	새로 만들어 내다	うみだす
埋立地	매립지	うめたてち
うやむや	흐지부지하다	うやむや
裏打ち	뒷받침	うらうち
裏付け	뒷받침	うらづけ
裏腹	정반대이다, 서로 맞닿아 있다	うらはら
裏目	반대쪽 면, 엉뚱한 결과	うらめ
売り	판매, 셀링 포인트	うり
売り出す	발매하다, 인기를 얻다	うりだす
潤う	축축해지다, 윤택해지다	うるおう
潤す	적시다, 윤택하게 하다	うるおす
売れ筋	잘 팔리는 상품	うれすじ
うろたえる	당황하다	うろたえる
上回る	상회하다	うわまわる
うんざり	지긋지긋하다	うんざり
運転操作	운전 조작	うんてんそうさ
運用	운용	うんよう
英語圏	영어권	えいごけん
映像	영상	えいぞう
英雄	영웅	えいゆう
栄養学	영양학	えいようがく
栄養素	영양소	えいようそ
閲覧	열람	えつらん
江戸時代	에도 시대	えどじだい
獲物	사냥감, 전리품	えもの
襟	옷깃	えり
遠隔	원격	えんかく
円滑	원활하다	えんかつ
縁側	툇마루, 가자미류의 지느러미살	えんがわ
婉曲	완곡하다	えんきょく
延滞	연체	えんたい
縁談	혼담	えんだん
炎天下	폭염 아래	えんてんか
遠方	먼 곳	えんぽう
円満	원만하다	えんまん
演目	공연 종목	えんもく
甥	(남자) 조카	おい
追い込む	몰아넣다, 몰아붙이다	おいこむ
生い立ち	성장 과정	おいたち
追い出す	내쫓다	おいだす
老いる	늙다	おいる
応急	응급	おうきゅう
黄金	황금	おうごん
押収	압수	おうしゅう
往診	왕진	おうしん
旺盛	왕성하다	おうせい
大入り	만원	おおいり
大方	대부분, 아마	おおかた
大筋	대강	おおすじ
おおむね	대체로	おおむね
公	공적, 공개	おおやけ
丘	언덕	おか
侵す	침범하다, 침해하다	おかす
憶測	억측	おくそく
億万長者	억만장자	おくまんちょうじゃ
怠る	게을리하다	おこたる
厳か	엄숙하다	おごそか
おごる	한턱내다	おごる
治まる	가라앉다	おさまる
修める	닦다	おさめる
押し切る	(반대를) 무릅쓰다	おしきる
押し付ける	눌러 대다, 강요하다	おしつける
押し寄せる	밀려들다	おしよせる
お世辞	아첨	おせじ
襲う	덮치다	おそう
遅くとも	늦어도	おそくとも
恐れ入る	황송하다, 두 손 들다	おそれいる
陥る	빠지다	おちいる
おっかない	무섭다	おっかない
億劫	귀찮다	おっくう
お手上げ	속수무책이다	おてあげ
おどおど	쭈뼛거리다	おどおど
同い年	동갑	おないどし
おのずから	저절로	おのずから
自ずと	저절로	おのずと
怯える	겁을 내다	おびえる
おびただしい	(수량이) 엄청나다	おびただしい
脅かす	위협하다	おびやかす
帯びる	띠다	おびる
おむつ	기저귀	おむつ
思い描く	상상하다	おもいえがく
思い返す	다시 생각하다	おもいかえす
思い詰める	깊이 고민하다	おもいつめる
表向き	표면상	おもてむき
趣	요지, 양상, 정취	おもむき
赴く	향하다	おもむく
思惑	예상, 의도	おもわく
親心	부모의 마음	おやごころ
及び腰	엉거주춤한 자세	およびごし
及ぶ	미치다, 이르다, 필요하다	およぶ
折り合う	타협하다, 잘 지내다	おりあう
折り返し	곧바로 회신함, 접어 젖힌 부분, 되돌아감	おりかえし
折り返す	접어 젖히다, 되돌아가다	おりかえす
俺	나	おれ
愚か	어리석다	おろか
卸売り	도매	おろしうり
恩恵	은혜	おんけい
御社	귀사	おんしゃ
温泉街	온천가	おんせんがい
穏便	온건하다	おんびん
温和	온화하다	おんわ
改悪	개악	かいあく
買い替える	새로 사서 바꾸다	かいかえる
改革	개혁	かいかく
貝殻	조개껍데기	かいがら
階級	계급	かいきゅう
快挙	쾌거	かいきょ
海峡	해협	かいきょう
解決策	해결책	かいけつさく
回顧	회고	かいこ
解雇	해고	かいこ
開講日	개강일	かいこうび
介護施設	요양 시설	かいごしせつ
改修	개보수	かいしゅう
会心	회심	かいしん
怪獣	괴수	かいじゅう
解除	해제	かいじょ
回線	회선	かいせん
回想	회상	かいそう
階層	계층	かいそう
解体	해체	かいたい
開拓	개척	かいたく
快諾	흔쾌한 승낙	かいだく
怪談	괴담	かいだん
改定	개정	かいてい
改訂	개정하다	かいてい
改訂版	개정판	かいていばん
街道	가도	かいどう
介入	개입	かいにゅう
飼い主	(동물의) 주인	かいぬし
海抜	해발	かいばつ
回避	회피	かいひ
介抱	간호	かいほう
解剖	해부	かいぼう
垣間見る	엿보다	かいまみる
解明	규명	かいめい
回覧	회람	かいらん
改良	개량	かいりょう
省みる	돌이켜보다	かえりみる
顧みる	돌이켜보다, (위험이나 사정을) 고려하다	かえりみる
顔立ち	이목구비	かおだち
抱え込む	(양팔로) 끌어안다, 떠맡다	かかえこむ
価格帯	가격대	かかくたい
掲げる	내걸다, 높이 들다, (목표를) 내세우다	かかげる
花器	꽃그릇	かき
書き取る	받아쓰다	かきとる
垣根	울타리	かきね
稼業	생업	かぎょう
核	핵	かく
欠く	결여하다	かく
画一的	획일적이다	かくいつてき
架空	가공	かくう
格差	격차	かくさ
各種	각종	かくしゅ
革新	혁신	かくしん
確たる	확실한	かくたる
格段	현격하다	かくだん
確定	확정	かくてい
角度	각도	かくど
格別	각별하다	かくべつ
革命	혁명	かくめい
確立	확립	かくりつ
可決	(의안을) 가결하다	かけつ
駆けつける	급히 달려가다	かけつける
駆け引き	밀고 당기기	かけひき
駆け寄る	달려가다	かけよる
賭ける	(돈이나 목숨을) 걸다	かける
駆ける	달리다	かける
下限	하한	かげん
加減	조절	かげん
加工	가공	かこう
過酷	가혹하다	かこく
かこつける	핑계로 삼다	かこつける
火災	화재	かさい
かさばる	부피가 크다	かさばる
かさむ	불어나다	かさむ
歌詞	가사	かし
かしましい	시끄럽다	かしましい
箇条書き	항목별로 나누어 쓰기	かじょうがき
霞む	희미해지다	かすむ
かする	스치다	かする
かすれる	희미해지다, (목소리가) 쉬다	かすれる
化石	화석	かせき
風当たり	비난	かぜあたり
過疎	인구가 지나치게 적음	かそ
過疎化	과소화	かそか
堅い	딱딱하다, 견실하다, 완고하다	かたい
片思い	짝사랑	かたおもい
頑な	완고하다	かたくな
片言	서투른 말씨	かたこと
片隅	한구석	かたすみ
片手間	짬	かたてま
偏り	치우침	かたより
傍ら	곁, ~하는 한편〔Vる傍ら〕	かたわら
加担	가담	かたん
花壇	화단	かだん
価値観	가치관	かちかん
家畜	가축	かちく
画期的	획기적이다	かっきてき
活性化	활성화	かっせいか
葛藤	갈등	かっとう
かつ	동시에	かつ
糧	양식	かて
家庭菜園	텃밭	かていさいえん
家電量販店	가전양판점	かでんりょうはんてん
稼働	가동	かどう
かねがね	전부터	かねがね
かねて	전부터	かねて
兼ねる	겸하다	かねる
庇う	감싸다	かばう
加筆	가필하다	かひつ
過敏	과민하다	かびん
株式	주식	かぶしき
株主	주주	かぶぬし
かぶれる	(피부에) 염증이 생기다, (사상이나 유행에) 물들다	かぶれる
貨幣	화폐	かへい
壁紙	벽지, 배경 화면	かべがみ
構え	구조, 자세	かまえ
構える	차리다, 준비하다, 자세를 취하다	かまえる
加味	가미하다	かみ
噛み合う	(톱니바퀴가) 맞물리다, (말이나 의견이) 맞다	かみあう
噛み癖	무는 버릇	かみぐせ
過密	과밀하다	かみつ
寡黙	과묵하다	かもく
からかう	놀리다	からかう
絡む	얽히다, 시비를 걸다	からむ
絡める	엮다	からめる
狩り	사냥	かり
仮に	가령, 임시로	かりに
軽々しい	경솔하다	かるがるしい
過労	과로	かろう
かろうじて	간신히	かろうじて
代わる代わる	번갈아	かわるがわる
勘	감	かん
簡易	간단하다	かんい
管轄	관할	かんかつ
缶切り	깡통따개	かんきり
完結	완결	かんけつ
還元	환원	かんげん
刊行	간행	かんこう
慣行	관행	かんこう
勧告	권고	かんこく
換算	환산	かんさん
監視	감시	かんし
慣習	관습	かんしゅう
干渉	간섭	かんしょう
感触	감촉	かんしょく
感受性	감수성	かんじゅせい
肝心	중요하다	かんじん
閑静	한적하다	かんせい
感染	감염	かんせん
感染者	감염자	かんせんしゃ
関税	관세	かんぜい
簡素	간소하다	かんそ
寛大	관대하다	かんだい
勘違い	착각하다	かんちがい
鑑定	감정하다	かんてい
観点	관점	かんてん
監督	감독	かんとく
芳しい	향기롭다, (평판이나 상태가) 좋다	かんばしい
芳しくない	좋지 않다	かんばしくない
甘美	감미롭다	かんび
幹部	간부	かんぶ
鑑別	감별	かんべつ
勘弁	봐주다	かんべん
完璧	완벽하다	かんぺき
緩慢	느리다, 허술하다	かんまん
感銘	감명	かんめい
寛容	관대하다	かんよう
肝要	매우 중요하다	かんよう
観葉植物	관엽식물	かんようしょくぶつ
観覧	관람	かんらん
管理人	관리인	かんりにん
官僚	관료	かんりょう
慣例	관례	かんれい
貫禄	관록	かんろく
緩和	완화	かんわ
外観	외관	がいかん
外資系	외국계 기업	がいしけい
概説	개설	がいせつ
害虫	해충	がいちゅう
街頭	길거리	がいとう
該当	해당하다	がいとう
概念	개념	がいねん
外来語	외래어	がいらいご
概略	개략	がいりゃく
学芸員	큐레이터	がくげいいん
学士	학사	がくし
楽譜	악보	がくふ
楽屋	분장실, 내막	がくや
学歴	학력	がくれき
崖	벼랑	がけ
画質	화질	がしつ
がっくり	맥없이	がっくり
合唱	합창	がっしょう
がっしり	튼튼하다	がっしり
合致	일치하다	がっち
がっちり	단단히	がっちり
合併	합병	がっぺい
がやがや	왁자지껄	がやがや
がらり	싹	がらり
頑健	강건하다	がんけん
願書	원서	がんしょ
元祖	원조	がんそ
元旦	새해 첫날	がんたん
元年	원년	がんねん
元来	원래	がんらい
機械式	기계식	きかいしき
規格	규격	きかく
着飾る	치장하다	きかざる
器官	기관	きかん
危害	위해	きがい
気がかり	걱정	きがかり
気兼ね	(남에게 폐가 될까) 조심스러움	きがね
危機感	위기감	ききかん
聞き流す	흘려듣다	ききながす
効き目	효과	ききめ
基金	기금	ききん
危惧	우려하다	きぐ
棄権	기권	きけん
危険度	위험도	きけんど
起源	기원	きげん
機構	기구, (기계의) 구조	きこう
気候変動	기후 변동	きこうへんどう
着こなす	맵시 있게 입다	きこなす
既婚	기혼	きこん
既婚者	기혼자	きこんしゃ
気心	성품	きごころ
記載	기재	きさい
きざ	잘난 체하다	きざ
兆し	조짐	きざし
軋む	삐걱거리다	きしむ
気性	기질	きしょう
記述	기술	きじゅつ
基準	기준	きじゅん
気丈	마음이 굳세다	きじょう
築き上げる	쌓아 올리다	きずきあげる
奇跡	기적	きせき
軌跡	궤적	きせき
毅然	의연하다	きぜん
基礎	기초	きそ
競い合う	경쟁하다	きそいあう
寄贈	기증	きぞう
来す	초래하다	きたす
きちっと	어김없이, 깔끔히	きちっと
基調	기조	きちょう
几帳面	꼼꼼하다	きちょうめん
きっかり	정확히	きっかり
拮抗	(세력이) 팽팽하다	きっこう
きっちり	딱, 꽉, 제대로	きっちり
詰問	추궁하다	きつもん
気遣い	마음을 씀	きづかい
規定	규정	きてい
機転	기지	きてん
軌道	궤도	きどう
気に障る	기분이 상하다	きにさわる
希薄	희박하다	きはく
規範	규범	きはん
基盤	기반	きばん
気品	기품	きひん
機敏	기민하다	きびん
寄附	기부	きふ
気風	기풍	きふう
起伏	기복	きふく
気まぐれ	변덕	きまぐれ
生真面目	지나치게 성실하다	きまじめ
気まま	제멋대로이다	きまま
決まり悪い	면목이 안 서다	きまりわるい
決め手	결정적 요인	きめて
脚色	각색	きゃくしょく
客層	고객층	きゃくそう
脚本	각본	きゃくほん
華奢	가냘프다, 튼튼하지 않다	きゃしゃ
却下	기각	きゃっか
規約	규약	きやく
救援	구원	きゅうえん
救急	구급	きゅうきゅう
救急車	구급차	きゅうきゅうしゃ
急遽	급히	きゅうきょ
究極	궁극	きゅうきょく
窮屈	갑갑하다	きゅうくつ
給食	급식	きゅうしょく
給仕	식사 시중을 들다	きゅうじ
求人情報	구인 정보	きゅうじんじょうほう
急速	급속하다	きゅうそく
球団	구단	きゅうだん
宮殿	궁전	きゅうでん
窮乏	궁핍	きゅうぼう
究明	규명하다	きゅうめい
丘陵	구릉	きゅうりょう
脅威	위협	きょうい
驚異	경이	きょうい
教育格差	교육 격차	きょういくかくさ
恐喝	공갈	きょうかつ
驚愕	경악	きょうがく
協議	협의	きょうぎ
教訓	교훈	きょうくん
境遇	처지	きょうぐう
強硬	강경하다	きょうこう
強行	강행하다	きょうこう
恐慌	공황	きょうこう
凶作	흉작	きょうさく
教材	교재	きょうざい
教習	교습	きょうしゅう
郷愁	향수	きょうしゅう
享受	향유하다	きょうじゅ
興じる	즐기다	きょうじる
強制	강제	きょうせい
共存	공존	きょうぞん
驚嘆	경탄하다	きょうたん
兄弟愛	형제애	きょうだいあい
胸中	가슴속	きょうちゅう
協定	협정	きょうてい
協定校	협정 학교	きょうていこう
郷土	향토	きょうど
脅迫	협박	きょうはく
強風	강풍	きょうふう
恐怖症	공포증	きょうふしょう
興味深い	흥미롭다	きょうみぶかい
共鳴	공명, 공감	きょうめい
教諭	교사	きょうゆ
教養講座	교양 강좌	きょうようこうざ
郷里	고향	きょうり
恐竜	공룡	きょうりゅう
強烈	강렬하다	きょうれつ
許可証	허가증	きょかしょう
局限	국한하다	きょくげん
局面	국면	きょくめん
極力	최대한	きょくりょく
巨匠	거장	きょしょう
巨樹	거목	きょじゅ
居住	거주	きょじゅう
居住者	거주자	きょじゅうしゃ
拠点	거점	きょてん
許容	허용	きょよう
寄与	기여	きよ
起用	기용	きよう
清らか	깨끗하다	きよらか
きらびやか	화려하다	きらびやか
切り替える	전환하다	きりかえる
切り出す	(말을) 꺼내다, 잘라 내다	きりだす
極める	통달하다, 극에 달하다, 다하다	きわめる
近眼	근시	きんがん
緊急	긴급	きんきゅう
均衡	균형	きんこう
近視	근시	きんし
金属	금속	きんぞく
近代化	근대화	きんだいか
均等	균등	きんとう
緊迫	긴박하다	きんぱく
勤勉	근면하다	きんべん
緊密	긴밀하다	きんみつ
禁物	금물	きんもつ
勤労	근로	きんろう
筋トレ	근력 운동	きんトレ
戯曲	희곡	ぎきょく
ぎくしゃく	(동작이나 말이) 어색하다, (관계가) 껄끄럽다	ぎくしゃく
議決	의결	ぎけつ
ぎこちない	어색하다	ぎこちない
犠牲	희생	ぎせい
偽造	위조하다	ぎぞう
技能	기술	ぎのう
義務	의무	ぎむ
逆上	격분하다	ぎゃくじょう
逆転	역전	ぎゃくてん
業界	업계	ぎょうかい
仰々しい	과장되다	ぎょうぎょうしい
凝視	응시하다	ぎょうし
業者	업자	ぎょうしゃ
凝縮	응축	ぎょうしゅく
行政	행정	ぎょうせい
仰天	몹시 놀라다	ぎょうてん
業務	업무	ぎょうむ
漁獲量	어획량	ぎょかくりょう
漁船	어선	ぎょせん
疑惑	의혹	ぎわく
吟味	꼼꼼히 검토하다	ぎんみ
食い込む	파고들다	くいこむ
食い違う	어긋나다	くいちがう
食いつく	달려들다, 물고 늘어지다	くいつく
食い止める	막다	くいとめる
悔いる	후회하다	くいる
空間	공간	くうかん
空虚	공허하다	くうきょ
区画	구획	くかく
苦境	곤경	くきょう
くぐる	밑으로 들어가다, 빠져나가다	くぐる
苦言	쓴소리	くげん
草花	화초	くさばな
臭み	비린내	くさみ
駆使	구사하다	くし
くじける	(마음이) 꺾이다	くじける
くすぐったい	간지럽다	くすぐったい
苦戦	고전	くせん
砕ける	부서지다, (기세 등이) 꺾이다, 격식이 없어지다	くだける
下す	(명령이나 판단을) 내리다, (지위를) 낮추다, (상대를) 물리치다	くだす
口数が少ない	말수가 적다	くちかずがすくない
駆逐	몰아내다	くちく
口ずさむ	흥얼거리다	くちずさむ
口出し	참견	くちだし
朽ち果てる	썩어 없어지다	くちはてる
くちばし	부리	くちばし
口元	입가, 입구 근처	くちもと
朽ちる	썩다, 잊히다	くちる
くっきり	뚜렷하게	くっきり
屈託ない	근심이 없다	くったくない
覆す	뒤엎다	くつがえす
くつろぐ	편하게 쉬다	くつろぐ
句読点	구두점	くとうてん
苦難	고난	くなん
首輪	(동물의) 목걸이	くびわ
くまなく	구석구석	くまなく
組み込む	포함시키다	くみこむ
工面	(돈을) 마련하다	くめん
蔵	창고	くら
暗闇	어둠	くらやみ
繰り越す	이월하다	くりこす
繰り出す	여럿이 몰려 나가다, 잇달아 내보내다, (주먹 등을) 내지르다	くりだす
車椅子	휠체어	くるまいす
愚痴を言う	푸념하다	ぐちをいう
ぐっと	힘껏, 훨씬	ぐっと
愚問	우문	ぐもん
群衆	군중	ぐんしゅう
群集	군집	ぐんしゅう
軍服	군복	ぐんぷく
経緯	경위	けいい
敬遠	경원, 고의사구	けいえん
経過	경과	けいか
警戒	경계	けいかい
軽快	경쾌하다	けいかい
経験上	경험상	けいけんじょう
軽減	경감	けいげん
軽視	경시	けいし
傾斜	경사	けいしゃ
形状	형상	けいじょう
形勢	형세	けいせい
軽率	경솔하다	けいそつ
形態	형태	けいたい
境内	경내	けいだい
刑罰	형벌	けいばつ
啓蒙	계몽	けいもう
契約	계약	けいやく
契約書	계약서	けいやくしょ
軽量化	경량화	けいりょうか
経歴	경력	けいれき
経路	경로	けいろ
敬老	경로	けいろう
毛皮	모피	けがわ
怪訝	의아하다	けげん
化粧品	화장품	けしょうひん
決行	결행하다	けっこう
決算	결산	けっさん
結晶	결정	けっしょう
結成	결성	けっせい
結束	결속, 묶다	けっそく
決議	결의	けつぎ
結合	결합	けつごう
欠如	결여	けつじょ
決断	결단	けつだん
欠乏	결핍	けつぼう
結末	결말	けつまつ
健気	기특하다	けなげ
けなす	헐뜯다	けなす
懸念	우려	けねん
煙たい	(연기가) 맵다, 대하기 불편하다	けむたい
獣	짐승	けもの
家来	하인	けらい
権威	권위	けんい
検閲	검열	けんえつ
嫌悪	혐오	けんお
嫌悪感	혐오감	けんおかん
謙虚	겸손하다	けんきょ
健康診断	건강검진	けんこうしんだん
健在	건재하다	けんざい
懸賞	상을 건 공모	けんしょう
検診	검진	けんしん
堅実	견실하다	けんじつ
健全	건전하다	けんぜん
建造物	건조물	けんぞうぶつ
建築士	건축사	けんちくし
顕著	현저하다	けんちょ
健闘	선전	けんとう
剣道	검도	けんどう
圏内	권내	けんない
懸命	열심히	けんめい
賢明	현명하다	けんめい
倹約	검약	けんやく
兼用	겸용	けんよう
芸術家	예술가	げいじゅつか
芸術作品	예술 작품	げいじゅつさくひん
芸能人	연예인	げいのうじん
劇場	극장	げきじょう
劇団	극단	げきだん
激励	격려	げきれい
月謝	월 수강료	げっしゃ
げっそり	수척해지다, 풀이 죽다	げっそり
下痢	설사	げり
言及	언급	げんきゅう
原形	원형	げんけい
言語圏	언어권	げんごけん
厳粛	엄숙하다, 냉엄하다	げんしゅく
現実味	현실성	げんじつみ
厳正	엄정하다	げんせい
厳選	엄선	げんせん
元素	원소	げんそ
現存	현존	げんぞん
減点	감점	げんてん
言動	언행	げんどう
原動力	원동력	げんどうりょく
原本	원본	げんぽん
厳密	엄밀하다	げんみつ
原理	원리	げんり
原論	원론	げんろん
故意	고의	こい
故意に	고의로	こいに
交易	교역	こうえき
公益	공익	こうえき
講演会	강연회	こうえんかい
航海	항해	こうかい
高額	고액	こうがく
高学歴化	고학력화	こうがくれきか
好況	호황	こうきょう
攻撃力	공격력	こうげきりょく
公言	공언	こうげん
高原	고원	こうげん
煌々	환하게 빛나다	こうこう
考古学	고고학	こうこがく
神々しい	거룩하다	こうごうしい
交互に	번갈아	こうごに
交錯	뒤섞여 엇갈리다	こうさく
耕作	경작	こうさく
降参	항복	こうさん
鉱山	광산	こうざん
高尚	고상하다	こうしょう
更新	갱신	こうしん
香辛料	향신료	こうしんりょう
口述	구술	こうじゅつ
控除	공제	こうじょ
向上	향상	こうじょう
降水	강수	こうすい
後世	후세	こうせい
厚生労働省	후생노동성	こうせいろうどうしょう
公然	공공연하다	こうぜん
抗争	항쟁	こうそう
拘束	구속	こうそく
後退	후퇴	こうたい
光沢	광택	こうたく
広大	광대하다	こうだい
高地	고지	こうち
構築	구축	こうちく
交通手段	교통수단	こうつうしゅだん
高低	높낮이	こうてい
好転	호전	こうてん
口頭	구두	こうとう
購読	구독	こうどく
公認	공인	こうにん
光熱費	광열비	こうねつひ
荒廃	황폐	こうはい
購買	구매, 매점	こうばい
好評	호평	こうひょう
交付	교부	こうふ
興奮	흥분	こうふん
好物	좋아하는 음식	こうぶつ
広報	홍보	こうほう
巧妙	교묘하다	こうみょう
行楽地	행락지	こうらくち
考慮	고려	こうりょ
高齢	고령	こうれい
高齢化	고령화	こうれいか
口論	말다툼	こうろん
枯渇	고갈	こかつ
子会社	자회사	こがいしゃ
小切手	수표	こぎって
国際化	국제화	こくさいか
酷使	혹사	こくし
国籍	국적	こくせき
告白	고백	こくはく
国民性	국민성	こくみんせい
克明	상세하다	こくめい
穀物	곡물	こくもつ
国連	국제연합	こくれん
心地	기분	ここち
心地よい	기분이 좋다	ここちよい
心当たり	짐작 가는 데	こころあたり
心得	마음가짐, 소양, 수칙	こころえ
心がけ	마음가짐	こころがけ
心がける	유념하다	こころがける
心構え	마음가짐	こころがまえ
志	뜻, 성의	こころざし
志す	뜻을 두다	こころざす
心遣い	배려	こころづかい
心ない	매정하다, 생각이 없다	こころない
孤児	고아	こじ
こじれる	(상황이나 병이) 악화되다	こじれる
故人	고인	こじん
個性	개성	こせい
小銭	잔돈	こぜに
応える	응하다, 큰 부담이 되다	こたえる
古代	고대	こだい
誇大	과대하다	こだい
こだわる	얽매이다, 특별히 신경 쓰다	こだわる
国家資格	국가 자격	こっかしかく
国境	국경	こっきょう
滑稽	우스꽝스럽다	こっけい
国交	국교	こっこう
骨董品	골동품	こっとうひん
こつ	요령	こつ
古典派	고전파	こてんは
古都	옛 수도	こと
事柄	일	ことがら
ことごとく	모조리	ことごとく
殊に	특히	ことに
ことによると	어쩌면	ことによると
孤独	고독하다	こどく
粉ミルク	분유	こなミルク
この上なく	더할 나위 없이	このうえなく
拒む	거부하다	こばむ
細やか	자상하다, 세밀하다	こまやか
込み上げる	치밀어 오르다	こみあげる
古民家	오래된 일본식 민가	こみんか
小麦	밀	こむぎ
込める	장전하다, 담다	こめる
籠もる	틀어박히다, (감정이나 정성이) 담기다, (냄새나 연기가) 가득 차다	こもる
小屋	오두막	こや
肥やす	(땅을) 기름지게 하다, (가축을) 살찌우다	こやす
固有	고유하다	こゆう
固有名詞	고유명사	こゆうめいし
雇用	고용	こよう
雇用形態	고용 형태	こようけいたい
暦	달력	こよみ
懲らしめる	혼내 주다	こらしめる
凝らす	집중하다	こらす
こりごり	진절머리가 나다	こりごり
孤立	고립	こりつ
懲りる	데다	こりる
凝る	뻐근하다, 열중하다, 공들이다	こる
これまで	지금까지	これまで
衣替え	계절에 맞게 옷을 바꾸다, 새로 단장하다	ころもがえ
根拠	근거	こんきょ
混合	혼합	こんごう
懇親	친목	こんしん
根性	근성	こんじょう
献立	식단	こんだて
昆虫	곤충	こんちゅう
根底	근본	こんてい
混同	혼동	こんどう
混入	혼입	こんにゅう
根本	근본	こんぽん
建立	건립	こんりゅう
語彙力	어휘력	ごいりょく
合意	합의	ごうい
豪快	호쾌하다	ごうかい
合格祈願	합격 기원	ごうかくきがん
合議	협의	ごうぎ
豪奢	호사스럽다	ごうしゃ
合成	합성	ごうせい
強盗	강도	ごうとう
合法	합법	ごうほう
護衛	호위	ごえい
互角	호각	ごかく
語句	어구	ごく
極秘	극비	ごくひ
極楽	극락	ごくらく
誤差	오차	ごさ
ごまかす	속이다, 조작하다, 얼버무리다	ごまかす
最悪	최악	さいあく
最大手	업계 최대 기업	さいおおて
才覚	수완, 돈을 마련하다	さいかく
災害	재해	さいがい
細菌	세균	さいきん
細工	세공, 조작	さいく
採掘	채굴	さいくつ
採決	표결	さいけつ
採血	채혈	さいけつ
再建	재건	さいけん
歳月	세월	さいげつ
再現	재현	さいげん
最古	가장 오래되다	さいこ
採算	채산	さいさん
採取	채취	さいしゅ
細心	세심하다	さいしん
最善	최선	さいぜん
採択	채택	さいたく
再発	재발하다	さいはつ
細分化	세분화	さいぶんか
細胞	세포	さいぼう
債務	채무	さいむ
最優秀賞	최우수상	さいゆうしゅうしょう
採用	채택, 채용	さいよう
最良	가장 좋음	さいりょう
遮る	막다	さえぎる
さえずる	지저귀다	さえずる
冴える	(머리나 감각이) 또렷하다, (색이나 소리가) 선명하다, (솜씨가) 빛나다	さえる
栄える	번영하다	さかえる
遡る	거슬러 올라가다	さかのぼる
差額	차액	さがく
先駆ける	앞서다	さきがける
先立つ	앞서다, 먼저 죽다, 먼저 필요하다	さきだつ
咲き乱れる	만발하다	さきみだれる
詐欺	사기	さぎ
裂く	찢다	さく
削減	삭감	さくげん
錯誤	착오	さくご
搾取	착취	さくしゅ
裂ける	찢어지다	さける
避ける	피하다	さける
蔑む	깔보다	さげすむ
些細	사소한	ささい
捧げる	바치다	ささげる
差し上げる	드리다	さしあげる
挿絵	삽화	さしえ
差し替える	바꾸다	さしかえる
差し掛かる	다다르다	さしかかる
差し引き	차감	さしひき
匙を投げる	가망이 없어 포기하다	さじをなげる
授ける	수여하다, 전수하다	さずける
さぞ	필시	さぞ
錯覚	착각	さっかく
作曲家	작곡가	さっきょくか
殺菌	살균	さっきん
察する	헤아리다	さっする
察知	감지	さっち
さっと	휙	さっと
殺到	쇄도하다	さっとう
里親	수양부모, (동물을) 맡아 기르는 사람	さとおや
諭す	타이르다	さとす
悟る	깨닫다	さとる
作動	작동	さどう
裁く	심판하다	さばく
さほど	(부정 표현과 함께) 그다지	さほど
さまよう	헤매다	さまよう
寒気	오한	さむけ
さも	정말로	さも
作用	작용	さよう
障る	거슬리다, 지장이 있다	さわる
酸化	산화	さんか
山岳	산악	さんがく
参考書	참고서	さんこうしょ
山菜	산나물	さんさい
算出	산출	さんしゅつ
惨事	참사	さんじ
賛成派	찬성파	さんせいは
桟橋	부두	さんばし
産物	산물	さんぶつ
酸味	신맛	さんみ
山脈	산맥	さんみゃく
財源	재원	ざいげん
在庫	재고	ざいこ
在校生	재학생	ざいこうせい
財政	재정	ざいせい
財団	재단	ざいだん
挫折	좌절	ざせつ
座談会	좌담회	ざだんかい
雑草	잡초	ざっそう
雑踏	혼잡	ざっとう
雑	조잡하다	ざつ
座標	좌표	ざひょう
ざらざら	거칠다, 자그락거리다	ざらざら
残金	잔금	ざんきん
残酷	잔혹하다	ざんこく
斬新	참신하다	ざんしん
仕上がり	마무리 상태	しあがり
仕上がる	완성되다	しあがる
仕上げ	마무리	しあげ
強いる	강요하다	しいる
仕入れる	매입하다, 입수하다	しいれる
支援	지원	しえん
歯科	치과	しか
歯科医	치과 의사	しかい
仕返し	복수	しかえし
視覚	시각	しかく
資格	자격	しかく
仕掛け	장치, 속임수	しかけ
仕掛ける	(싸움 등을) 걸다, (덫이나 폭발물을) 설치하다	しかける
しかしながら	그러나	しかしながら
仕方なく	어쩔 수 없이	しかたなく
紫外線	자외선	しがいせん
しがみつく	매달리다	しがみつく
指揮	지휘	しき
色彩	색채	しきさい
しきたり	관습	しきたり
支給金	지급금	しきゅうきん
私教育	사교육	しきょういく
しきりに	자꾸	しきりに
資金	자금	しきん
しくじる	실수하다	しくじる
刺激を受ける	자극을 받다	しげきをうける
嗜好	기호	しこう
志向	지향	しこう
施行	시행	しこう
試行	시도	しこう
嗜好品	기호품	しこうひん
仕込む	가르치다, 미리 준비하다, 장치하다	しこむ
仕事人間	워커홀릭	しごとにんげん
思索	사색	しさく
試作品	시제품	しさくひん
資産	자산	しさん
脂質	지질	ししつ
資質	자질	ししつ
刺繍	자수	ししゅう
支障	지장	ししょう
試食会	시식회	ししょくかい
沈める	가라앉히다	しずめる
私生活	사생활	しせいかつ
視線	시선	しせん
思想家	사상가	しそうか
下心	속셈	したごころ
下調べ	사전 조사	したしらべ
下地	밑바탕, 소질	したじ
下準備	사전 준비	したじゅんび
仕立てる	옷을 짓다, 특정한 모습으로 만들다, 특별히 마련하다	したてる
下取り	보상 판매	したどり
下火	한풀 꺾임	したび
視聴率	시청률	しちょうりつ
失格	실격	しっかく
失脚	실각	しっきゃく
執行	집행	しっこう
嫉妬	질투	しっと
疾病	질병	しっぺい
質疑	질의	しつぎ
しつけ	훈육	しつけ
視点	시점	してん
しとやか	(몸가짐이) 정숙하다	しとやか
しなやか	유연하다, 우아하다	しなやか
老舗	역사가 오랜 가게	しにせ
凌ぐ	견디다, 능가하다	しのぐ
芝居	연극	しばい
しばらくは	당분간은	しばらくは
シビア	엄격하다	しびあ
しぶとい	끈질기다	しぶとい
渋る	(하기를) 꺼리다	しぶる
司法	사법	しほう
脂肪	지방	しぼう
死亡事故	사망 사고	しぼうじこ
島国	섬나라	しまぐに
始末	처리, 경위, 지경	しまつ
始末書	시말서	しまつしょ
滲みる	스며들다, 따갑다, (마음에) 와닿다	しみる
使命	사명	しめい
締める	(끈을) 매다	しめる
霜	서리	しも
謝恩会	사은회	しゃおんかい
社会言語学	사회언어학	しゃかいげんごがく
社会進出	사회 진출	しゃかいしんしゅつ
社会保障費用	사회 보장 비용	しゃかいほしょうひよう
尺度	척도	しゃくど
釈明	해명	しゃくめい
社交	사교	しゃこう
謝罪	사죄	しゃざい
謝絶	거절	しゃぜつ
車体	차체	しゃたい
遮断	차단	しゃだん
斜面	경사면	しゃめん
車両	차량	しゃりょう
洒落る	멋을 내다, 말장난하다	しゃれる
収益	수익	しゅうえき
就活生	취업 준비생	しゅうかつせい
就業	취업	しゅうぎょう
集計	집계	しゅうけい
襲撃	습격	しゅうげき
修士	석사	しゅうし
収支	수지	しゅうし
終始	줄곧	しゅうし
修飾	꾸미다, (말을) 수식하다	しゅうしょく
囚人	죄수	しゅうじん
習性	습성	しゅうせい
終息	종식	しゅうそく
周到	주도면밀하다	しゅうとう
修復	복원하다	しゅうふく
収容	수용	しゅうよう
収録	수록하다, 음성이나 영상을 기록하다	しゅうろく
守衛	경비원	しゅえい
修行	수행	しゅぎょう
祝賀	축하	しゅくが
祝賀会	축하 모임	しゅくがかい
宿命	숙명	しゅくめい
手芸	수예	しゅげい
趣向	고안, 취향	しゅこう
主催	주최	しゅさい
種々	여러 가지	しゅじゅ
主人公	주인공	しゅじんこう
出荷	출하	しゅっか
出産	출산	しゅっさん
出資	출자	しゅっし
出費	지출	しゅっぴ
出品	출품	しゅっぴん
出演	출연	しゅつえん
出現	출현	しゅつげん
出馬	출마하다	しゅつば
出没	출몰	しゅつぼつ
取得	취득	しゅとく
取得者	취득자	しゅとくしゃ
首都圏	수도권	しゅとけん
主導権	주도권	しゅどうけん
守備	수비	しゅび
主力	주력	しゅりょく
手腕	수완	しゅわん
瞬発力	순발력	しゅんぱつりょく
照会	조회	しょうかい
消化器官	소화기관	しょうかきかん
生涯	생애	しょうがい
障害者	장애인	しょうがいしゃ
消去	삭제	しょうきょ
商業施設	상업 시설	しょうぎょうしせつ
衝撃	충격	しょうげき
証言	증언	しょうげん
照合	대조하여 확인하다	しょうごう
昇進	승진	しょうしん
精進	정진	しょうじん
少数派	소수파	しょうすうは
称する	칭하다	しょうする
消息	소식, 행방	しょうそく
正体	정체, 의식	しょうたい
承諾	승낙	しょうだく
小腸	소장	しょうちょう
衝動	충동	しょうどう
小児	소아	しょうに
小児科	소아과	しょうにか
消費税	소비세	しょうひぜい
消費税率	소비세율	しょうひぜいりつ
照明	조명	しょうめい
証明書	증명서	しょうめいしょ
醤油	간장	しょうゆ
奨励	장려	しょうれい
職業観	직업관	しょくぎょうかん
食材	식재료	しょくざい
職種	직종	しょくしゅ
食生活	식생활	しょくせいかつ
触発	촉발하다	しょくはつ
職務	직무	しょくむ
諸君	제군	しょくん
所在	소재	しょざい
所持	소지	しょじ
所蔵	소장	しょぞう
所属	소속	しょぞく
処置	조치, 처치	しょち
所得税	소득세	しょとくぜい
処罰	처벌	しょばつ
処分	처분	しょぶん
処方箋	처방전	しょほうせん
庶民	서민	しょみん
仕様	방법, 사양	しよう
白ける	흥이 깨지다, 희어지다	しらける
退く	물러나다	しりぞく
視力	시력	しりょく
記す	기록하다, 새기다	しるす
指令	지령	しれい
試練	시련	しれん
素人	비전문가	しろうと
四六時中	온종일	しろくじちゅう
仕業	소행	しわざ
深海魚	심해어	しんかいぎょ
侵害	침해	しんがい
進学塾	진학 학원	しんがくじゅく
新型	신형	しんがた
審議	심의	しんぎ
神経	신경	しんけい
神経質	예민하다	しんけいしつ
信仰	신앙	しんこう
振興	진흥	しんこう
申告	신고	しんこく
新婚	신혼	しんこん
審査	심사	しんさ
新作	신작	しんさく
診察票	진찰표	しんさつひょう
伸縮	신축	しんしゅく
真実味	진실성	しんじつみ
真珠	진주	しんじゅ
心中	동반자살	しんじゅう
心情	심정	しんじょう
神聖	신성하다	しんせい
親善	친선	しんぜん
深層	심층	しんそう
真相	진상	しんそう
診断書	진단서	しんだんしょ
新築	신축	しんちく
進呈	증정하다	しんてい
進展	진전	しんてん
振動	진동	しんどう
しんなり	부드럽고 유연해지다	しんなり
進入	진입	しんにゅう
新入生	신입생	しんにゅうせい
信任	신임	しんにん
神秘	신비	しんぴ
信憑	신빙	しんぴょう
シンプル	심플하다	しんぷる
辛抱	참다	しんぼう
新米	햅쌀, 풋내기	しんまい
親密	친밀하다	しんみつ
心理学	심리학	しんりがく
侵略	침략	しんりゃく
診療	진료	しんりょう
神話	신화	しんわ
親和	친화	しんわ
自覚	자각	じかく
時間帯	시간대	じかんたい
磁気	자기	じき
自己	자기	じこ
自業自得	자업자득	じごうじとく
自在	자유자재하다	じざい
自粛	자숙	じしゅく
事象	현상	じしょう
辞職	사직	じしょく
自尊心	자존심	じそんしん
自他	자타, 자동사와 타동사	じた
事態	사태	じたい
じっくり	차분히	じっくり
実質	실질	じっしつ
実食	직접 먹어 보다	じっしょく
実生活	실생활	じっせいかつ
実態	실태	じったい
じっと見る	가만히 보다	じっとみる
実費	실비	じっぴ
実情	실정	じつじょう
実用化	실용화	じつようか
実力派	실력파	じつりょくは
児童館	아동관	じどうかん
辞任	사임	じにん
地主	지주	じぬし
自発性	자발성	じはつせい
持病	지병	じびょう
自前	자기 부담	じまえ
弱者	약자	じゃくしゃ
若干	약간	じゃっかん
獣医	수의사	じゅうい
従業員	종업원	じゅうぎょういん
重視	중시	じゅうし
従事	종사하다	じゅうじ
従順	순종적이다	じゅうじゅん
住宅情報誌	주택 정보지	じゅうたくじょうほうし
重複	중복	じゅうふく
従来	종래	じゅうらい
重量	중량	じゅうりょう
重労働	중노동	じゅうろうどう
熟成	숙성	じゅくせい
熟知	숙지하다	じゅくち
受験勉強	수험 공부	じゅけんべんきょう
受講者	수강자	じゅこうしゃ
受賞	수상	じゅしょう
術	기술, 방법, 술책	じゅつ
樹木	수목	じゅもく
樹立	수립	じゅりつ
循環	순환	じゅんかん
準ずる	준하다	じゅんずる
順調に進む	순조롭게 진행되다	じゅんちょうにすすむ
順応	적응	じゅんのう
上映	상영	じょうえい
浄化	정화	じょうか
上層	상층	じょうそう
情緒	정서, 정취	じょうちょ
譲渡	양도	じょうと
情熱	열정	じょうねつ
乗馬	승마	じょうば
譲歩	양보	じょうほ
情報網	정보망	じょうほうもう
条約	조약	じょうやく
常連	단골손님	じょうれん
助長	조장하다	じょちょう
自立	자립	じりつ
自律神経	자율신경	じりつしんけい
辞令	인사 발령 통지서, 응대하는 말	じれい
じわじわ	서서히	じわじわ
人員	인원	じんいん
人格	인격	じんかく
人権	인권	じんけん
人件費	인건비	じんけんひ
人材	인재, 인력	じんざい
人事部	인사부	じんじぶ
尋常	보통이다	じんじょう
人選	인선	じんせん
迅速	신속하다	じんそく
人脈	인맥	じんみゃく
推移	추이	すいい
水源	수원	すいげん
遂行	(계획이나 책임 등을) 수행하다	すいこう
推進	추진	すいしん
吹奏	취주	すいそう
推測	추측	すいそく
衰退	쇠퇴	すいたい
水田	논	すいでん
推理	추리	すいり
崇高	숭고하다	すうこう
趨勢	추세	すうせい
数値	수치	すうち
崇拝	숭배	すうはい
据える	자리를 잡게 하다, 뜸을 뜨다	すえる
過ぎ去る	지나가다	すぎさる
すくう	(물이나 가루 등을) 뜨다	すくう
透ける	비쳐 보이다	すける
健やか	건강하다	すこやか
凄まじい	무시무시하다	すさまじい
筋道	조리	すじみち
鈴虫	방울벌레	すずむし
廃れる	사라지다, 쇠퇴하다	すたれる
ストレート	곧다, 직설적이다	すとれえと
すばしこい	재빠르다	すばしこい
素早い	재빠르다	すばやい
すべ	방법	すべ
すべすべ	매끈매끈하다	すべすべ
住み着く	자리 잡고 살다	すみつく
速やか	신속하다	すみやか
澄む	맑다	すむ
スライス	얇게 썰다	すらいす
擦る	문지르다, 돈을 탕진하다	する
すれ違い	엇갈림	すれちがい
擦れる	쓸리다, 닳다	すれる
寸前	바로 앞	すんぜん
すんなり	순조롭게, 날씬하다	すんなり
随時	필요할 때마다, 언제든지	ずいじ
ずっしり	묵직하게	ずっしり
ずばり	단도직입적으로, 정확히	ずばり
ずぶ濡れ	흠뻑 젖다	ずぶぬれ
ずるずる	질질 끌다, (면을) 후루룩 먹다	ずるずる
ずれ	어긋남	ずれ
ずれ込む	(일정이) 뒤로 밀리다	ずれこむ
誠意	성의	せいい
生育	생육	せいいく
精鋭	정예	せいえい
成果主義	성과주의	せいかしゅぎ
生活習慣病	생활습관병	せいかつしゅうかんびょう
世紀	세기	せいき
正規	정규	せいき
制御	제어	せいぎょ
生計	생계	せいけい
精巧	정교하다	せいこう
制裁	제재	せいさい
政策	정책	せいさく
生死	생사	せいし
正社員	정규직 사원	せいしゃいん
静粛	정숙하다	せいしゅく
精神統一	정신 통일	せいしんとういつ
誠実	성실하다	せいじつ
静寂	정적	せいじゃく
成熟	성숙	せいじゅく
清純	청순하다	せいじゅん
制する	제압하다, 지배하다	せいする
整然	정연하다	せいぜん
盛装	잘 차려입다	せいそう
生息	서식	せいそく
製造コスト	제조 비용	せいぞうコスト
生態	생태	せいたい
生態系	생태계	せいたいけい
盛大	성대하다	せいだい
制定	제정	せいてい
静的	정적이다	せいてき
正当	정당하다	せいとう
征服	정복	せいふく
政府筋	정부 소식통	せいふすじ
生物学	생물학	せいぶつがく
精密	정밀하다	せいみつ
声明	성명	せいめい
生命維持	생명 유지	せいめいいじ
制約	제약	せいやく
誓約	서약	せいやく
誓約書	서약서	せいやくしょ
精力的	정력적이다	せいりょくてき
世界遺産	세계유산	せかいいさん
世界観	세계관	せかいかん
急かす	재촉하다	せかす
せかせか	조급하게 굴다	せかせか
責務	책무	せきむ
世間知らず	세상 물정에 어둡다	せけんしらず
世間体	체면	せけんてい
世間話	잡담	せけんばなし
施錠	잠그다	せじょう
世相	세태	せそう
摂取	섭취	せっしゅ
接触	접촉	せっしょく
設置	설치	せっち
折衷	절충	せっちゅう
切実	절실하다	せつじつ
雪像	눈 조각상	せつぞう
設備投資	설비 투자	せつびとうし
切望	간절히 바라다	せつぼう
節約術	절약 기술	せつやくじゅつ
設立	설립	せつりつ
競る	경쟁하다, 경매하다	せる
繊維	섬유	せんい
選挙に出る	선거에 출마하다	せんきょにでる
宣言	선언	せんげん
選考	전형	せんこう
戦災	전쟁 피해	せんさい
繊細	섬세하다	せんさい
センシティブ	민감하다	せんしてぃぶ
選出	선출	せんしゅつ
戦術	전술	せんじゅつ
戦闘	전투	せんとう
銭湯	대중목욕탕	せんとう
鮮度	신선도	せんど
潜入	잠입	せんにゅう
選抜	선발	せんばつ
船舶	선박	せんぱく
潜伏	잠복	せんぷく
先方	상대방	せんぽう
占領	점령	せんりょう
鮮烈	선명하고 강렬하다	せんれつ
税率	세율	ぜいりつ
是正	시정하다	ぜせい
絶叫	절규	ぜっきょう
絶賛	극찬	ぜっさん
絶大	엄청나다	ぜつだい
絶望	절망	ぜつぼう
絶滅	멸종	ぜつめつ
善悪	선악	ぜんあく
前作	전작	ぜんさく
全集	전집	ぜんしゅう
全盛	전성	ぜんせい
前提	전제	ぜんてい
前途	앞길	ぜんと
全滅	전멸	ぜんめつ
全面的	전면적이다	ぜんめんてき
相応	상응하다	そうおう
創刊	창간	そうかん
早期教育	조기 교육	そうききょういく
壮健	건강하다	そうけん
走行	주행	そうこう
総合	종합	そうごう
捜索	수색	そうさく
創作物	창작물	そうさくぶつ
喪失	상실	そうしつ
装飾	장식	そうしょく
総じて	대체로	そうじて
操縦	조종	そうじゅう
騒然	소란스럽다	そうぜん
相対的	상대적이다	そうたいてき
壮大	장대하다	そうだい
騒動	소동	そうどう
遭難	조난	そうなん
相場	시세	そうば
装備	장비	そうび
双方	쌍방	そうほう
添える	덧붙이다	そえる
促進	촉진	そくしん
束縛	속박	そくばく
側面	측면	そくめん
底力	저력	そこぢから
損なう	해치다	そこなう
損ねる	(건강을) 해치다	そこねる
阻止	저지	そし
訴訟	소송	そしょう
そそる	불러일으키다	そそる
措置	조치	そち
そっくりそのまま	고스란히	そっくりそのまま
素っ気ない	냉담하다	そっけない
即刻	즉시	そっこく
率先	솔선	そっせん
そっぽ	딴쪽	そっぽ
備え付ける	비치하다	そなえつける
備わる	갖추어지다	そなわる
そびえる	우뚝 솟다	そびえる
素朴	소박하다	そぼく
染まる	물들다	そまる
背く	어긋나다	そむく
背ける	얼굴이나 시선을 돌리다	そむける
染める	물들이다	そめる
素養	소양	そよう
逸らす	(시선이나 화제를) 딴 데로 돌리다, (표적에서) 빗나가게 하다	そらす
反る	휘다	そる
それゆえ	그러므로	それゆえ
そわそわ	안절부절못하다	そわそわ
尊厳	존엄	そんげん
存続	존속	そんぞく
憎悪	증오	ぞうお
増強	증강	ぞうきょう
増進	증진	ぞうしん
増税	증세	ぞうぜい
ぞんざい	함부로 하다	ぞんざい
隊員	대원	たいいん
退化	퇴화	たいか
大概	대개	たいがい
大金	거금	たいきん
待遇	대우	たいぐう
大国	대국	たいこく
大して	(부정 표현과 함께) 그다지	たいして
対処	대처	たいしょ
退治	퇴치	たいじ
態勢	태세	たいせい
対戦	대전	たいせん
大層	대단하다	たいそう
怠惰	나태	たいだ
体調	몸 상태	たいちょう
態度	태도	たいど
体内	체내	たいない
滞納	체납	たいのう
対比	대비	たいひ
待望	대망	たいぼう
怠慢	태만하다	たいまん
タイムリー	시기적절하다	たいむりい
大役	큰 역할	たいやく
耐え難い	견디기 힘들다	たえがたい
絶える	끊기다	たえる
多角的	다각적이다	たかくてき
宝くじ	복권	たからくじ
互いに	서로	たがいに
多岐	여러 방면	たき
多岐にわたる	여러 갈래에 걸치다	たきにわたる
卓越	탁월함	たくえつ
託す	맡기다, (감정이나 생각을) 담다	たくす
逞しい	강인하다	たくましい
巧み	솜씨가 좋다	たくみ
長ける	뛰어나다	たける
嗜む	즐기다	たしなむ
多数決	다수결	たすうけつ
携える	휴대하다, 데리고 가다	たずさえる
携わる	(일에) 관여하다	たずさわる
称える	칭송하다	たたえる
正す	바로잡다	ただす
漂う	표류하다, 감돌다, 떠돌다	ただよう
立ち尽くす	우두커니 서 있다	たちつくす
立ち寄る	들르다	たちよる
達者	건강하다, 능숙하다	たっしゃ
断つ	끊다	たつ
立て替える	(나중에 돌려받기로 하고) 대신 지불하다	たてかえる
建前	겉으로 내세우는 입장	たてまえ
奉る	바치다	たてまつる
たどり着く	겨우 다다르다	たどりつく
辿る	(길을) 따라가다, (일정한 방향으로) 나아가다	たどる
食べ放題	무한 리필	たべほうだい
他方	다른 쪽, 한편	たほう
多忙	매우 바쁘다	たぼう
魂	혼	たましい
玉ねぎ	양파	たまねぎ
溜り	고임	たまり
賜る	(윗사람에게) 받다, 내려 주시다	たまわる
ためらう	망설이다	ためらう
たやすい	쉽다	たやすい
垂らす	흘리다, 늘어뜨리다	たらす
たるみ	느슨함, 해이	たるみ
たるむ	느슨해지다	たるむ
垂れる	늘어지다, 흘러내리다, 말을 늘어놓다	たれる
単位	단위, 학점	たんい
単一	단일	たんいつ
単一民族	단일 민족	たんいつみんぞく
単価	단가	たんか
短期留学	단기 유학	たんきりゅうがく
探検	탐험	たんけん
探知	탐지	たんち
単調	단조롭다	たんちょう
端的	단적이다	たんてき
単独	단독	たんどく
丹念	꼼꼼하다	たんねん
堪能	능숙하다, 만끽하다	たんのう
タンパク質	단백질	たんぱくしつ
端末	단말기	たんまつ
大学祭	대학 축제	だいがくさい
代行	대행	だいこう
醍醐味	묘미	だいごみ
代替物	대체물	だいたいぶつ
大胆	대담하다	だいたん
大地	대지	だいち
台無し	엉망이 되다	だいなし
台本	대본	だいほん
打開	타개	だかい
妥協	타협	だきょう
妥結	타결	だけつ
打撃	타격	だげき
駄作	졸작	ださく
出し物	상연물	だしもの
打者	타자	だしゃ
打診	(의사를) 타진하다	だしん
打数	타수	だすう
脱却	벗어나다	だっきゃく
脱出	탈출	だっしゅつ
脱する	벗어나다	だっする
脱線	탈선하다	だっせん
脱退	탈퇴	だったい
だぶだぶ	헐렁헐렁하다, 찰랑거리다	だぶだぶ
堕落	타락	だらく
だるい	나른하다, 귀찮다	だるい
断言	단언	だんげん
断じて	결코	だんじて
断然	단연	だんぜん
断念	단념하다	だんねん
弾力	탄력	だんりょく
小さな	(명사 앞에서) 작은	ちいさな
地球温暖化	지구 온난화	ちきゅうおんだんか
地中	땅속	ちちゅう
窒息	질식	ちっそく
知的	지적이다	ちてき
地方自治体	지방 자치 단체	ちほうじちたい
緻密	치밀하다	ちみつ
致命的	치명적이다	ちめいてき
着手	착수	ちゃくしゅ
着目	주목하다	ちゃくもく
ちやほや	애지중지하다	ちやほや
宙返り	공중제비	ちゅうがえり
忠告	충고	ちゅうこく
仲裁	중재	ちゅうさい
抽出	추출	ちゅうしゅつ
中傷	중상	ちゅうしょう
中枢	중추	ちゅうすう
中途半端	어중간하다	ちゅうとはんぱ
中毒	중독	ちゅうどく
昼夜	주야	ちゅうや
中立的	중립적이다	ちゅうりつてき
中和	중화	ちゅうわ
治癒	치유	ちゆ
調印	(조약에) 조인하다	ちょういん
聴覚	청각	ちょうかく
兆候	징후	ちょうこう
聴講	청강	ちょうこう
超高速	초고속	ちょうこうそく
彫刻	조각	ちょうこく
徴収	징수	ちょうしゅう
長寿	장수	ちょうじゅ
調達	조달하다	ちょうたつ
町長	정장	ちょうちょう
調停	조정	ちょうてい
腸壁	장벽	ちょうへき
重宝	유용하다	ちょうほう
超満員	초만원	ちょうまんいん
跳躍	도약	ちょうやく
調理	조리	ちょうり
鳥類	조류	ちょうるい
調和	조화	ちょうわ
ちょくちょく	자주	ちょくちょく
直面	직면	ちょくめん
直訳	직역	ちょくやく
著作権	저작권	ちょさくけん
貯蓄	저축	ちょちく
直感	직감	ちょっかん
直感的	직감적이다	ちょっかんてき
著名	저명하다	ちょめい
ちらっと	흘끗	ちらっと
沈下	침하	ちんか
賃貸	임대	ちんたい
陳腐	진부하다	ちんぷ
珍味	진미	ちんみ
沈黙	침묵	ちんもく
陳列	진열	ちんれつ
追及	추궁	ついきゅう
追跡	추적	ついせき
費やす	(시간이나 돈을) 쓰다	ついやす
墜落	추락	ついらく
痛快	통쾌하다	つうかい
痛感	통감	つうかん
痛切	절실하다	つうせつ
通用	통용되다	つうよう
痛烈	통렬하다	つうれつ
仕える	(윗사람을) 섬기다	つかえる
司る	관장하다	つかさどる
束の間	잠깐	つかのま
突き進む	돌진하다	つきすすむ
月並み	평범하다	つきなみ
尽くす	(수단 등을) 다 쓰다, 있는 힘을 다하다	つくす
つくづく	곰곰이, 절실히	つくづく
繕う	수선하다	つくろう
接ぐ	(나무를) 접목하다	つぐ
償い	보상	つぐない
告げる	알리다	つげる
辻褄	사리	つじつま
培う	기르다	つちかう
突っかかる	덤벼들다, 부딪치다	つっかかる
突っ張る	뻣뻣해지다, 강하게 나가다, 밀어 버티다	つっぱる
勤め先	직장	つとめさき
努めて	애써	つとめて
都度	매번	つど
集う	모이다	つどう
つながり	연결	つながり
募る	(감정이나 정도가) 심해지다, 모집하다	つのる
つぶさに	샅샅이	つぶさに
呟く	중얼거리다	つぶやく
つぶら	(눈이) 동글고 귀엽다	つぶら
つぶる	눈을 감다	つぶる
蕾	꽃봉오리	つぼみ
つまむ	집다, 집어 먹다, 홀리다	つまむ
積み立てる	적립하다	つみたてる
露	이슬, 조금도	つゆ
貫く	관통하다, 관철하다	つらぬく
手厚い	극진하다	てあつい
提案書	제안서	ていあんしょ
庭園	정원	ていえん
定額制	정액제	ていがくせい
提起	제기	ていき
定義	정의	ていぎ
締結	체결	ていけつ
体裁	외관, 형식, 체면	ていさい
停滞	정체	ていたい
手痛い	뼈아프다	ていたい
邸宅	저택	ていたく
丁重	정중하다	ていちょう
低迷	침체되다	ていめい
手入れ	손질, (경찰의) 단속	ていれ
手薄	허술하다, 부족하다	てうす
手遅れ	때늦음	ておくれ
手数	수단	てかず
手がかり	단서	てがかり
手書き	손으로 쓰다	てがき
手がける	직접 맡아 하다	てがける
手柄	공적	てがら
適応	적응	てきおう
適宜	적절히	てきぎ
適性	적성	てきせい
適正	적정	てきせい
てきぱき	척척	てきぱき
手際	일 처리 솜씨	てぎわ
手応え	손에 느껴지는 감촉, 반응	てごたえ
手先	손끝, 앞잡이	てさき
手順	절차	てじゅん
手錠	수갑	てじょう
手相	손금	てそう
手立て	방법	てだて
手違い	착오	てちがい
手近	가까이 있다	てぢか
撤回	철회	てっかい
てっきり	(잘못 짐작하여) 틀림없이	てっきり
鉄鋼	철강	てっこう
鉄工所	철공소	てっこうじょ
徹する	전념하다, 밤새다	てっする
徹底	철저	てってい
撤廃	철폐	てっぱい
てっぺん	꼭대기, 자정	てっぺん
鉄道駅	철도역	てつどうえき
鉄棒	철봉	てつぼう
手作り	직접 만듦	てづくり
手取り	실수령액	てどり
手抜き	대충하다	てぬき
手配	준비하다, 수배하다	てはい
手筈	준비	てはず
手引き	안내, 주선	てびき
手本	본보기	てほん
手回し	손으로 돌림, 사전 준비	てまわし
手元	손이 닿는 곳, 수중	てもと
手分け	분담하다	てわけ
転換	전환	てんかん
転居	이사	てんきょ
典型	전형	てんけい
天候	날씨	てんこう
転校	전학	てんこう
天災	자연재해	てんさい
転職先	이직처	てんしょくさき
展示物	전시물	てんじぶつ
転じる	전환하다	てんじる
てんで	전혀	てんで
転売	되팔기	てんばい
転覆	전복	てんぷく
展望	전망	てんぼう
転落	추락	てんらく
泥酔	만취	でいすい
でかい	크다	でかい
出来	잘된 정도	でき
できる限り	가능한 한	できるかぎり
できるだけ早く	가능한 한 빨리	できるだけはやく
出くわす	맞닥뜨리다	でくわす
出所	출처	でどころ
出直し	새로 시작함, 다시 찾아감	でなおし
出番	나설 차례	でばん
電気自動車	전기 자동차	でんきじどうしゃ
電子機器	전자 기기	でんしきき
電子書籍	전자책	でんししょせき
電鉄	전철	でんてつ
伝統的	전통적이다	でんとうてき
電動化	전동화	でんどうか
問い詰める	캐묻다	といつめる
当該	해당	とうがい
陶器	도기	とうき
当局	당국	とうきょく
陶芸	도예	とうげい
統合	통합	とうごう
搭載	탑재	とうさい
倒産	도산	とうさん
糖質	당질	とうしつ
踏襲	답습	とうしゅう
当初	당초	とうしょ
当事者	당사자	とうじしゃ
投じる	던지다, 투입하다	とうじる
統制	통제	とうせい
闘争	투쟁	とうそう
統率	통솔	とうそつ
統治	통치	とうち
到底	도저히	とうてい
尊ぶ	존중하다	とうとぶ
投入	투입하다	とうにゅう
党派	당파	とうは
当病院	이 병원	とうびょういん
当ホテル	이 호텔	とうほてる
当面	당면하다, 당분간	とうめん
投与	투여	とうよ
当～	(바로 이 대상을 가리켜) 당	とう～
遠ざかる	멀어지다	とおざかる
遠出	멀리 나가다	とおで
とかく	이것저것, 자칫 ~하기 쉽다	とかく
咎める	나무라다	とがめる
解き放す	해방하다	ときはなす
途切れる	끊어지다	とぎれる
説く	설명하다, 설득하다	とく
特技	특기	とくぎ
特産	특산	とくさん
特設	특설	とくせつ
督促	독촉	とくそく
得点	득점	とくてん
匿名	익명	とくめい
特有	특유하다	とくゆう
徳用	실속형	とくよう
研ぐ	(날을) 갈다, (쌀을) 씻다	とぐ
遂げる	이루다	とげる
年頃	나이, 적령기	としごろ
都市部	도시 지역	としぶ
戸締まり	문단속	とじまり
綴じる	철하다, 달걀물을 부어 익히다	とじる
途絶える	끊어지다	とだえる
特化	특화	とっか
特許	특허	とっきょ
とっさに	순간적으로	とっさに
突破	돌파	とっぱ
突如	갑자기	とつじょ
滞る	정체되다	とどこおる
唱える	소리 내어 외다, 외치다, 주장하다	となえる
扉	문, 표제지	とびら
とぼける	시치미를 떼다	とぼける
戸惑う	당황하다	とまどう
捉える	사로잡다, 파악하다	とらえる
鳥居	신사의 기둥문	とりい
取り返し	만회	とりかえし
鳥かご	새장	とりかご
取り締まり	단속	とりしまり
取り締まる	단속하다	とりしまる
取り調べる	취조하다	とりしらべる
取りつく	달라붙다	とりつく
取り次ぐ	전하다	とりつぐ
取り除く	제거하다	とりのぞく
取り巻く	둘러싸다, 아첨하다	とりまく
取り戻す	되찾다	とりもどす
取り寄せる	(물건을) 주문해 들여오다	とりよせる
とりわけ	특히	とりわけ
採る	취하다, 채취하다, 채용하다	とる
とろける	녹다	とろける
問屋	도매상	とんや
胴	몸통	どう
同感	동감	どうかん
同級生	동급생	どうきゅうせい
同居	동거	どうきょ
どうしようもない	어쩔 수 없다	どうしようもない
同然	다름없다	どうぜん
同調	동조	どうちょう
同等	동등하다	どうとう
堂々	당당하다	どうどう
どうにか	어떻게든	どうにか
同封	동봉	どうふう
同盟	동맹	どうめい
どうやら	아무래도, (어려움 끝에) 어떻게든	どうやら
動揺	동요하다	どうよう
動力源	동력원	どうりょくげん
同類	동류	どうるい
独裁	독재	どくさい
独占	독점	どくせん
独創性	독창성	どくそうせい
土手	둑	どて
土木	토목	どぼく
ドライ	드라이하다	どらい
泥沼	수렁	どろぬま
ど忘れ	깜빡 잊음	どわすれ
どんより	(날씨나 주변이) 우중충하다, (눈빛이) 흐리멍덩하다	どんより
内閣	내각	ないかく
ないし	내지	ないし
内心	내심	ないしん
内装	내장	ないそう
内臓	내장	ないぞう
内燃エンジン	내연엔진	ないねんエンジン
苗	모종	なえ
なおさら	한층 더	なおさら
中ほど	중간	なかほど
仲間入り	합류	なかまいり
長い目で見る	긴 안목으로 보다	ながいめでみる
長々	오랫동안	ながなが
長持ち	오래가다	ながもち
投げ出す	내던지다, 포기하다	なげだす
仲人	중매인	なこうど
名残	흔적	なごり
情け深い	인정이 많다	なさけぶかい
馴染む	익숙해지다, 어울리다	なじむ
詰る	(잘못을) 따지다	なじる
なだめる	달래다	なだめる
雪崩	눈사태	なだれ
懐く	정이 들어 따르다	なつく
夏バテ	더위를 먹다	なつバテ
名付ける	이름을 붙이다	なづける
何気ない	아무렇지 않다, 평범하다	なにげない
何卒	부디	なにとぞ
何より	무엇보다도, 가장 좋다	なにより
名札	명찰	なふだ
生臭い	비린내가 나다	なまぐさい
怠け者	게으름뱅이	なまけもの
波に乗る	시류를 타다	なみにのる
滑らか	매끄럽다	なめらか
舐める	핥다, 얕보다	なめる
納屋	헛간	なや
悩ましい	고민스럽다, 관능적이다	なやましい
慣らす	익숙하게 하다	ならす
成り上がり	벼락출세	なりあがり
成り立つ	구성되다, 성립하다, 유지되다	なりたつ
なるたけ	가능한 한	なるたけ
難	어려움, 재난, 결점	なん
難解	난해하다	なんかい
難航	난항	なんこう
軟弱	연약하다	なんじゃく
なんだか	어쩐지	なんだか
なんだかんだ	이러니저러니	なんだかんだ
難点	난점	なんてん
何とか	어떻게든, 무언가	なんとか
なんとなく	왠지 모르게	なんとなく
難なく	어려움 없이	なんなく
何なりと	무엇이든	なんなりと
荷	짐	に
似通う	서로 비슷하다	にかよう
荷が重い	부담이 크다	にがおもい
苦味	쓴맛	にがみ
賑わう	북적거리다, 번창하다	にぎわう
憎しみ	증오	にくしみ
肉親	육친	にくしん
濁り	탁함	にごり
二酸化炭素	이산화탄소	にさんかたんそ
西日	서쪽에서 비치는 오후 햇빛	にしび
滲む	번지다, 배어 나오다, (감정이) 드러나다	にじむ
煮立つ	끓다	にたつ
日夜	밤낮으로	にちや
荷造り	짐 꾸리기	にづくり
二の次	뒷전	にのつぎ
鈍る	둔해지다	にぶる
入館	(도서관이나 박물관 등에) 입장하다	にゅうかん
入学金	입학금	にゅうがくきん
入学試験	입학시험	にゅうがくしけん
入手	입수	にゅうしゅ
乳児	영아	にゅうじ
入退院	입퇴원	にゅうたいいん
入念	꼼꼼하다	にゅうねん
入浴料	입욕비	にゅうよくりょう
如実	여실히	にょじつ
睨む	노려보다, 주시하다, 판단하다	にらむ
にわか	갑작스럽다, 급조한, 유행을 좇는 팬	にわか
にわかに	갑자기	にわかに
認識	인식	にんしき
妊娠	임신	にんしん
人情	인정	にんじょう
人相	관상	にんそう
忍耐	인내	にんたい
認知	인지	にんち
任務	임무	にんむ
任命	임명	にんめい
縫う	꿰매다	ぬう
抜かす	빼다, 앞지르다, 지껄이다	ぬかす
抜き打ち	예고 없이 실시하다	ぬきうち
抜け出す	빠져나가다	ぬけだす
沼	늪	ぬま
塗り直す	다시 칠하다	ぬりなおす
音色	음색	ねいろ
値打ち	값어치	ねうち
根こそぎ	뿌리째, 모조리	ねこそぎ
寝込む	곯아떨어지다, 앓아눕다	ねこむ
ねじれる	비틀어지다	ねじれる
妬む	질투하다	ねたむ
ねだる	조르다	ねだる
熱狂的	열광적이다	ねっきょうてき
熱帯夜	열대야	ねったいや
熱中症	열사병	ねっちゅうしょう
熱湯	열탕	ねっとう
熱意	열의	ねつい
熱烈	열렬하다	ねつれつ
ねばねば	끈적끈적하다	ねばねば
粘る	(물질이) 끈적거리다, 끈기 있게 버티다	ねばる
根回し	사전 조율	ねまわし
眠たい	졸리다	ねむたい
狙う	노리다	ねらう
練る	반죽하다, (계획이나 전략을) 짜다	ねる
念入り	꼼꼼하다	ねんいり
年鑑	연감	ねんかん
念願	염원	ねんがん
年金制度	연금 제도	ねんきんせいど
年功序列	연공서열	ねんこうじょれつ
燃焼	연소	ねんしょう
年次	연차	ねんじ
年長	연상, 유치원 최고 학년생	ねんちょう
念頭	염두	ねんとう
年配	연배	ねんぱい
粘膜	점막	ねんまく
濃縮	농축	のうしゅく
農地	농지	のうち
納入	납부, 납품	のうにゅう
納品	납품하다	のうひん
濃密	농밀하다	のうみつ
能面	노 가면	のうめん
脳裏	뇌리	のうり
軒並み	모두	のきなみ
臨む	(상황이나 일에) 임하다, (장소가) 면하다, (행사 등에) 참석하다	のぞむ
乗っ取る	강제로 장악하다	のっとる
のどか	한가롭다, 화창하다	のどか
罵る	욕을 퍼붓다	ののしる
延べ	총	のべ
飲み込み	삼키기, 이해력	のみこみ
飲み込む	삼키다, 이해하다	のみこむ
乗り越える	넘어서다	のりこえる
乗り出す	적극적으로 나서다, 몸을 앞으로 내밀다	のりだす
派	파	は
把握	파악	はあく
敗因	패인	はいいん
廃棄	폐기	はいき
廃棄物	폐기물	はいきぶつ
配給	배급	はいきゅう
廃墟	폐허	はいきょ
配偶者	배우자	はいぐうしゃ
背景	배경	はいけい
背景知識	배경지식	はいけいちしき
背後	등 뒤, 배후	はいご
拝借	(겸양어로) 빌리다	はいしゃく
排出	배출	はいしゅつ
排除	배제	はいじょ
排水	배수	はいすい
排斥	배척	はいせき
敗戦	패전	はいせん
配属	배속	はいぞく
排他的	배타적이다	はいたてき
配当	배당	はいとう
敗北	패배	はいぼく
配慮	배려	はいりょ
這う	기다	はう
生え変わる	(이빨이나 털이) 새로 나다	はえかわる
映える	빛나다, 돋보이다	はえる
破壊	파괴	はかい
破格	파격	はかく
はかどる	(일이) 진척되다	はかどる
儚い	덧없다	はかない
はかばかしい	순조롭다	はかばかしい
図る	도모하다, 속이다	はかる
諮る	상의하다	はかる
剥がす	벗겨 내다	はがす
歯がゆい	답답하다	はがゆい
剥がれる	벗겨지다	はがれる
破棄	파기	はき
波及	파급	はきゅう
迫害	박해	はくがい
白状	자백	はくじょう
迫力	박력	はくりょく
剥ぐ	벗기다, 박탈하다	はぐ
育む	기르다	はぐくむ
はぐらかす	교묘히 피하다	はぐらかす
派遣	파견	はけん
励ます	격려하다	はげます
励む	힘쓰다	はげむ
はしゃぐ	들떠서 떠들며 놀다	はしゃぐ
橋渡し	다리 놓기	はしわたし
弾く	튕기다, 튕겨 내다	はじく
恥じらう	수줍어하다	はじらう
恥じる	부끄러워하다	はじる
弾む	튀다, 들뜨다	はずむ
派生	파생	はせい
馳せる	이름을 떨치다	はせる
破損	파손	はそん
鉢	화분	はち
蜂蜜	꿀	はちみつ
爬虫類	파충류	はちゅうるい
発覚	발각	はっかく
発掘	발굴	はっくつ
発散	발산	はっさん
発注書	발주서	はっちゅうしょ
発芽	발아	はつが
発病	발병	はつびょう
初耳	처음 듣는 말	はつみみ
甚だ	몹시	はなはだ
華々しい	화려하다	はなばなしい
華やか	화려하다	はなやか
鼻をつく	코를 찌르다	はなをつく
跳ね返る	튀어 돌아오다	はねかえる
幅広い	폭넓다	はばひろい
阻む	저지하다	はばむ
浜	바닷가	はま
浜辺	바닷가	はまべ
はまる	들어맞다, 빠지다	はまる
生やす	(수염이나 초목을) 기르다	はやす
はらはら	조마조마하다, 가볍게 계속 떨어지다	はらはら
張り合う	경쟁하다	はりあう
張り紙	붙여 놓은 종이	はりがみ
破裂	파열	はれつ
反感	반감	はんかん
版画	판화	はんが
半額	반값	はんがく
反響	반향	はんきょう
判決	판결	はんけつ
反撃	반격	はんげき
半減	반감	はんげん
煩雑	번잡하다	はんざつ
繁殖	번식	はんしょく
繁盛	(사업이나 장사가) 번창하다	はんじょう
搬送	이송	はんそう
判定	판정	はんてい
反応	반응	はんのう・はんおう
半端	어중간하다	はんぱ
反発	반발	はんぱつ
反発心	반발심	はんぱつしん
判別	판별	はんべつ
氾濫	범람	はんらん
賠償	배상	ばいしょう
漠然	막연하다	ばくぜん
爆破	폭파	ばくは
暴露	폭로	ばくろ
化ける	둔갑하다, 몰라보게 좋아지다	ばける
抜粋	발췌	ばっすい
抜群	뛰어나다	ばつぐん
バテる	녹초가 되다	ばてる
ばらまく	뿌리다	ばらまく
万事	만사	ばんじ
伴奏	반주	ばんそう
万人	만인	ばんにん
晩年	말년	ばんねん
万能	만능	ばんのう
非	잘못, 비-	ひ
贔屓	각별히 아끼다, 후원자	ひいき
ひいては	더 나아가서는	ひいては
控え室	대기실	ひかえしつ
控える	삼가다, 대기하다, 앞두다	ひかえる
魅かれる	끌리다	ひかれる
悲観	비관	ひかん
被害者	피해자	ひがいしゃ
悲願	비원	ひがん
引き起こす	일으키다	ひきおこす
引き換え	교환	ひきかえ
引き下げる	낮추다, 거두다	ひきさげる
引き締まる	팽팽해지다	ひきしまる
引きずる	질질 끌다, (영향에) 휩쓸리다	ひきずる
引き取る	인수하다, (사람이나 동물을) 맡다	ひきとる
引き寄せる	끌어당기다	ひきよせる
引き渡す	넘겨주다	ひきわたす
非行	비행	ひこう
被災	재해를 입다	ひさい
久しい	오래되다	ひさしい
悲惨	비참하다	ひさん
ひしひし	절실히	ひしひし
比重	비중	ひじゅう
非常勤	비상근	ひじょうきん
非人道的	비인도적이다	ひじんどうてき
被選挙権	피선거권	ひせんきょけん
密か	은밀하다	ひそか
潜む	숨어 있다	ひそむ
ひたすら	오로지	ひたすら
ひたむき	한결같이 전념하다	ひたむき
左利き	왼손잡이	ひだりきき
必修	필수 과목	ひっしゅう
筆跡	필적	ひっせき
ひっそり	조용히	ひっそり
匹敵	필적하다	ひってき
必然	필연	ひつぜん
必要書類	필요 서류	ひつようしょるい
否定的	부정적	ひていてき
一息	한숨 돌리다	ひといき
人一倍	남달리	ひといちばい
人影	사람의 모습, 사람의 그림자	ひとかげ
一際	유독	ひときわ
人気	인기척	ひとけ
人混み	인파	ひとごみ
人質	인질	ひとじち
一筋	한 줄기, 외골수	ひとすじ
人出	(나들이) 인파	ひとで
人手	일손	ひとで
人波	인파	ひとなみ
ひとまず	일단	ひとまず
人見知り	낯을 가리다	ひとみしり
人目	남의 눈	ひとめ
一人暮らし	혼자 살기	ひとりぐらし
ひとりでに	저절로	ひとりでに
非難	비난	ひなん
批判的	비판적이다	ひはんてき
ひび	금, 나날	ひび
日増し	날이 갈수록 더해지다	ひまし
暇つぶし	시간 때우기	ひまつぶし
肥満	비만	ひまん
悲鳴	비명	ひめい
秘める	숨기다	ひめる
冷やかす	놀리다, (사지 않고) 구경하다	ひやかす
飛躍	비약	ひやく
飛躍的	비약적이다	ひやくてき
日焼け止め	자외선 차단제	ひやけどめ
票	표	ひょう
標語	표어	ひょうご
拍子	박자, (~한) 순간	ひょうし
表明	표명하다	ひょうめい
評論家	평론가	ひょうろんか
ひょっと	어쩌면	ひょっと
ひょっとして	어쩌면	ひょっとして
平たい	평평하다	ひらたい
閃く	번뜩이다, 나부끼다	ひらめく
非力	힘이 없다	ひりき
肥料	비료	ひりょう
昼下がり	이른 오후	ひるさがり
披露	선보이다	ひろう
貧困層	빈곤층	ひんこんそう
品質	품질	ひんしつ
品種	품종	ひんしゅ
貧弱	빈약하다	ひんじゃく
頻度	빈도	ひんど
頻繁	빈번하다	ひんぱん
貧富	빈부	ひんぷ
ひんやり	서늘하다	ひんやり
微笑	미소	びしょう
微生物	미생물	びせいぶつ
美的	미적이다	びてき
描写	묘사	びょうしゃ
微量	미량	びりょう
貧乏	가난하다	びんぼう
不意	뜻밖이다	ふい
吹聴	떠벌리다	ふいちょう
不意に	갑자기	ふいに
封鎖	봉쇄	ふうさ
風習	풍습	ふうしゅう
封じる	봉하다, 막다	ふうじる
風潮	풍조	ふうちょう
風土	풍토	ふうど
風物詩	계절을 상징하는 것	ふうぶつし
風味	풍미	ふうみ
負荷	부하	ふか
不可欠	불가결하다	ふかけつ
俯瞰	내려다보다	ふかん
不機嫌	기분이 언짢다	ふきげん
不吉	불길하다	ふきつ
不朽	불후	ふきゅう
不況	불황	ふきょう
布巾	행주	ふきん
不義理	의리가 없다, 빚을 갚지 않다	ふぎり
副交感神経	부교감신경	ふくこうかんしんけい
複合	복합	ふくごう
副作用	부작용	ふくさよう
腹心	심복	ふくしん
複製	복제	ふくせい
副専攻	부전공	ふくせんこう
覆面	복면	ふくめん
服用	복용	ふくよう
膨れる	부풀다, 토라지다	ふくれる
不景気	불경기, 침울하다	ふけいき
老ける	늙다	ふける
耽る	열중하다	ふける
布告	포고	ふこく
富豪	부호	ふごう
負債	부채	ふさい
ふざける	장난치다	ふざける
不自然	부자연스럽다	ふしぜん
負傷	부상	ふしょう
不祥事	불상사	ふしょうじ
不審	수상하다	ふしん
不振	부진하다	ふしん
不十分	불충분하다	ふじゅうぶん
不順	(날씨나 생리 주기가) 불규칙하다	ふじゅん
扶助	부조	ふじょ
付箋	포스트잇	ふせん
再び	다시	ふたたび
不注意	부주의하다	ふちゅうい
不調	상태가 나쁘다, 결렬	ふちょう
復活	부활	ふっかつ
払拭	불식	ふっしょく
不手際	일 처리의 미숙함	ふてぎわ
不当	부당	ふとう
赴任	부임	ふにん
腐敗	부패	ふはい
不評	악평	ふひょう
不備	미비	ふび
不平等	불평등	ふびょうどう
不服	불만, 불복	ふふく
普遍	보편	ふへん
踏まえる	바탕으로 삼다	ふまえる
踏み切る	단행하다	ふみきる
踏み込む	발을 들여놓다, 깊이 파고들다	ふみこむ
踏み場	발 디딜 곳	ふみば
不眠	불면	ふみん
不明	분명하지 않다	ふめい
不明瞭	불명료하다	ふめいりょう
麓	산기슭	ふもと
扶養	부양	ふよう
不用意	준비가 안 되다, 부주의하다	ふようい
振り返る	뒤돌아보다, 돌이켜보다	ふりかえる
振り出し	출발점	ふりだし
振り払う	떨쳐 내다	ふりはらう
不慮	뜻밖이다	ふりょ
不良	불량하다, 불량배	ふりょう
浮力	부력	ふりょく
振る舞い	행동거지, 대접	ふるまい
風呂場	욕실	ふろば
憤慨	분개	ふんがい
紛糾	분규하다	ふんきゅう
紛失	분실	ふんしつ
噴出	분출	ふんしゅつ
紛争	분쟁	ふんそう
ふんだん	풍부하다	ふんだん
奮闘	분투하다	ふんとう
粉末	분말	ふんまつ
武家	무가	ぶけ
侮辱	모욕	ぶじょく
武装	무장	ぶそう
物資	물자	ぶっし
物議	물의	ぶつぎ
無難	무난하다	ぶなん
無礼	무례하다	ぶれい
分散	분산	ぶんさん
分際	분수	ぶんざい
分母	분모	ぶんぼ
文脈	맥락	ぶんみゃく
分裂	분열	ぶんれつ
弊害	폐해	へいがい
兵器	병기	へいき
平均化	평균화	へいきんか
平原	평원	へいげん
並行	병행	へいこう
平行	평행, 병행하다	へいこう
閉口	난처하다, 질리다	へいこう
閉鎖	폐쇄	へいさ
弊社	저희 회사	へいしゃ
平常	평상시	へいじょう
平静	평온하다	へいせい
平然	태연하다	へいぜん
平凡	평범하다	へいぼん
平面図	평면도	へいめんず
並列	병렬	へいれつ
辟易	진저리가 나다, 기가 질리다	へきえき
隔たる	거리나 시간이 떨어져 있다, 사이가 멀어지다	へだたる
へとへと	기진맥진하다	へとへと
へりくだる	자기를 낮추다	へりくだる
経る	거치다	へる
変革	변혁	へんかく
返還	반환	へんかん
返金	환불	へんきん
変形	변형	へんけい
偏見	편견	へんけん
返済	(빚을) 갚다	へんさい
編集者	편집자	へんしゅうしゃ
返上	반납하다	へんじょう
変遷	변천	へんせん
変容	변용	へんよう
蔑視	멸시	べっし
別荘	별장	べっそう
弁解	변명	べんかい
便宜	편의	べんぎ
弁償	변상	べんしょう
保育園	어린이집	ほいくえん
保育士	보육사	ほいくし
崩壊	붕괴	ほうかい
放棄	포기	ほうき
封建	봉건	ほうけん
方策	방책	ほうさく
放射能	방사능	ほうしゃのう
報酬	보수	ほうしゅう
豊潤	풍부하고 윤택하다	ほうじゅん
報じる	보도하다	ほうじる
放置	방치	ほうち
法廷	법정	ほうてい
褒美	상	ほうび
抱負	포부	ほうふ
葬る	매장하다	ほうむる
放り出す	내팽개치다, 내쫓다	ほうりだす
飽和	포화	ほうわ
保管	보관	ほかん
朗らか	명랑하다	ほがらか
ほぐれる	(매듭이나 긴장 등이) 풀리다	ほぐれる
保険	보험	ほけん
保険証	보험증	ほけんしょう
歩行者	보행자	ほこうしゃ
ほこりまみれ	먼지투성이	ほこりまみれ
誇る	자랑하다	ほこる
綻びる	(솔기 등이) 터지다, (꽃봉오리가) 벌어지다, 미소 짓다	ほころびる
保護	보호	ほご
干し物	널어 말리는 물건	ほしもの
保守的	보수적이다	ほしゅてき
保障	보장	ほしょう
補償	보상	ほしょう
補助金	보조금	ほじょきん
保存食	보존식	ほぞんしょく
発作	발작	ほっさ
発足	발족	ほっそく
発端	발단	ほったん
補填	(손실이나 부족분을) 보전하다	ほてん
ほとり	물가	ほとり
ほどける	풀리다	ほどける
施す	베풀다, 처치 등을 시행하다, 가공이나 장식 등을 하다	ほどこす
程遠い	동떨어지다	ほどとおい
哺乳類	포유류	ほにゅうるい
骨折り	수고	ほねおり
微笑ましい	흐뭇하다	ほほえましい
微笑み	미소	ほほえみ
保留	보류	ほりゅう
捕虜	포로	ほりょ
滅びる	멸망하다	ほろびる
滅ぶ	멸망하다	ほろぶ
滅ぼす	멸망시키다	ほろぼす
本校	본교	ほんこう
本質	본질	ほんしつ
本性	본성	ほんしょう
本筋	본론	ほんすじ
本音	본심	ほんね
本能	본능	ほんのう
本場	본고장	ほんば
本番	실전, 한창	ほんばん
奔放	자유분방하다	ほんぽう
本末転倒	본말전도	ほんまつてんとう
本名	본명	ほんみょう
防衛	방위	ぼうえい
防火	화재 예방	ぼうか
妨害	방해하다	ぼうがい
忘却	망각	ぼうきゃく
紡績	방적	ぼうせき
膨大	방대하다	ぼうだい
膨張	팽창	ぼうちょう
冒頭	서두	ぼうとう
暴動	폭동	ぼうどう
暴風	폭풍	ぼうふう
暴力	폭력	ぼうりょく
募金	모금하다, 기부하다	ぼきん
ぼける	흐려지다, 엉뚱한 말을 하다	ぼける
母語	모어	ぼご
墓地	묘지	ぼち
没収	몰수	ぼっしゅう
没頭	몰두하다	ぼっとう
ぼつぼつ	슬슬, 여기저기	ぼつぼつ
没落	몰락	ぼつらく
ぼやく	투덜거리다	ぼやく
ぼやける	흐려지다	ぼやける
ぽつぽつ	조금씩, 드문드문, 방울방울	ぽつぽつ
埋蔵	매장	まいぞう
前売り	예매	まえうり
前置き	서두	まえおき
前触れ	예고	まえぶれ
前向き	앞을 향함, 긍정적임	まえむき
任す	맡기다	まかす
負かす	이기다	まかす
賄う	조달하다, (식사를) 제공하다	まかなう
巻き込む	말려들게 하다	まきこむ
紛れる	뒤섞이다, (비슷해서) 분간하지 못하다, 잊히다	まぎれる
まく	(씨를) 뿌리다	まく
誠に	참으로	まことに
真心	진심	まごころ
まごつく	당황하다	まごつく
まさしく	틀림없이, 바로	まさしく
摩擦熱	마찰열	まさつねつ
勝る	능가하다	まさる
まして	하물며	まして
交える	섞다, 주고받다, 교차시키다	まじえる
交わる	교차하다, 어울리다	まじわる
麻酔	마취	ますい
跨る	걸터타다, 걸치다	またがる
瞬く間に	눈 깜짝할 사이에	またたくまに
街角	길모퉁이	まちかど
待ち遠しい	몹시 기다려지다	まちどおしい
街並み	거리 풍경	まちなみ
まちまち	제각각이다	まちまち
真っ先	가장 먼저	まっさき
全うする	다하다	まっとうする
松原	솔밭	まつばら
間取り	방 배치	まどり
惑わす	현혹하다	まどわす
免れる	모면하다	まぬかれる
目の当たり	눈앞에서 직접	まのあたり
眩い	눈부시다	まばゆい
まばら	드문드문하다	まばら
麻痺	마비	まひ
幻	환상, 보기 드문 것	まぼろし
まみれ	~투성이	まみれ
まるっきり	완전히	まるっきり
丸々	통통하다, 전부	まるまる
丸める	둥글게 하다, 구슬리다, 반올림하다	まるめる
まろやか	부드럽다	まろやか
蔓延	만연	まんえん
満喫	만끽하다	まんきつ
満月	보름달	まんげつ
満載	가득 싣다	まんさい
まんざら	꼭 그렇지는 않다	まんざら
満場	장내 전체	まんじょう
満場一致	만장일치	まんじょういっち
慢性	만성	まんせい
真ん前	바로 앞	まんまえ
見合わせる	보류하다, 서로 마주 보다	みあわせる
見失う	놓치다	みうしなう
見落とす	간과하다	みおとす
未開	미개하다, 미개척이다	みかい
見返り	대가	みかえり
味覚	미각	みかく
見かける	우연히 보다	みかける
幹	줄기	みき
見極める	끝까지 살펴 알다	みきわめる
見苦しい	보기 흉하다	みぐるしい
見込み	전망	みこみ
未婚化	미혼화	みこんか
見境	분별	みさかい
未熟	미숙하다	みじゅく
微塵	티끌	みじん
みすぼらしい	초라하다	みすぼらしい
水臭い	서먹서먹하다	みずくさい
水気	수분	みずけ
水回り	물 쓰는 곳	みずまわり
見せびらかす	과시하다	みせびらかす
溝	골	みぞ
満たす	채우다	みたす
満たない	(기준이나 수량에) 못 미치다	みたない
見た目	겉모습	みため
未知	미지	みち
道順	경로	みちじゅん
道筋	경로	みちすじ
道端	길가	みちばた
身近	(자신과) 가깝다	みぢか
密集	밀집	みっしゅう
みっしり	철저히, 빽빽하게	みっしり
みっちり	빽빽하게, 철저히	みっちり
密封	밀봉	みっぷう
密度	밀도	みつど
見積もる	어림잡다	みつもる
密輸	밀수	みつゆ
未定	미정	みてい
見通し	전망	みとおし
見なす	간주하다	みなす
源	근원	みなもと
身なり	옷차림	みなり
見抜く	간파하다	みぬく
峰	봉우리	みね
身の上	신세	みのうえ
身の回り	신변, 소지품	みのまわり
見計らう	알아서 적절히 고르다	みはからう
見晴らし	전망	みはらし
見開く	눈을 크게 뜨다	みひらく
身振り手振り	몸짓	みぶりてぶり
見目よい	잘생기다	みめよい
脈絡	맥락	みゃくらく
見破る	간파하다	みやぶる
魅了	매료	みりょう
未練	미련	みれん
民宿	민박	みんしゅく
民主主義	민주주의	みんしゅしゅぎ
民族	민족	みんぞく
無為	무위	むい
無意識	무의식	むいしき
無意味	무의미하다	むいみ
無縁	인연이 없다	むえん
無効	무효이다	むこう
無言	말이 없음	むごん
貪る	탐하다	むさぼる
むしゃくしゃ	짜증나다	むしゃくしゃ
無償	무상	むしょう
無性に	까닭 없이 몹시	むしょうに
むしる	쥐어뜯다	むしる
無心	순진하다, 잡념이 없다	むしん
無神経	무신경하다	むしんけい
無邪気	천진난만하다	むじゃき
無条件	무조건	むじょうけん
結びつける	묶다	むすびつける
無造作	손쉽게, 아무렇게나	むぞうさ
無駄にする	낭비하다	むだにする
無断	무단	むだん
無知	무지하다	むち
無茶	터무니없다, 무모하다, 엄청나게(無茶に)	むちゃ
むっと	발끈하다, 후텁지근하다	むっと
無念	분하다	むねん
無能	무능하다	むのう
無農薬	무농약	むのうやく
無謀	무모하다	むぼう
無闇	함부로(無闇に), 지나치게(無闇に)	むやみ
無闇に	함부로, 지나치게	むやみに
無用	필요 없다, 쓸모없다	むよう
群がる	떼 지어 모이다	むらがる
紫芋	자색 고구마	むらさきいも
無理強い	강제	むりじい
無論	물론	むろん
姪	조카딸	めい
明暗	명암	めいあん
明快	명쾌하다	めいかい
明細書	명세서	めいさいしょ
名産	특산물	めいさん
名称	명칭	めいしょう
迷信	미신	めいしん
命中	명중	めいちゅう
明白	명백하다	めいはく
名簿	명부	めいぼ
めいめい	각자	めいめい
名誉	명예	めいよ
明瞭	명료하다	めいりょう
明朗	명랑하다, 공정하다	めいろう
迷惑メール	스팸 메일	めいわくメール
めきめき	눈에 띄게	めきめき
恵み	은혜	めぐみ
巡り	순회, 순환	めぐり
巡る	돌다, 둘러싸다	めぐる
目先	눈앞	めさき
目覚ましい	(활약이나 발전이) 눈부시다	めざましい
滅亡	멸망	めつぼう
目処	목표, 전망	めど
目鼻	눈과 코, 윤곽	めはな
目まぐるしい	눈이 핑핑 돌 만큼 빠르다	めまぐるしい
目盛り	눈금	めもり
目安	기준, 어림값	めやす
免疫力	면역력	めんえきりょく
面会	면회	めんかい
免許証	면허증	めんきょしょう
面識	면식	めんしき
免除	면제	めんじょ
面倒を見る	돌봐 주다	めんどうをみる
面目	면목	めんぼく
綿密	면밀하다	めんみつ
儲け	이익	もうけ
設ける	마련하다	もうける
申し出る	제의하다, 신청하다	もうしでる
申し分ない	나무랄 데 없다	もうしぶんない
猛暑	폭염	もうしょ
盲点	맹점	もうてん
猛反対	강력한 반대	もうはんたい
網羅	망라	もうら
猛烈	맹렬하다	もうれつ
猛練習	맹연습	もうれんしゅう
猛～	맹렬하다	もう～
もがく	몸부림치다	もがく
木造建築	목조 건축	もくぞうけんちく
目標値	목표치	もくひょうち
目録	목록	もくろく
目論見	계획	もくろみ
目論む	계획하다	もくろむ
模型	모형	もけい
猛者	강자	もさ
模索	모색하다	もさく
もしかして	혹시	もしかして
もしくは	또는	もしくは
もたらす	가져오다	もたらす
持ち帰り	테이크아웃	もちかえり
持ちきり	온통 그 이야기뿐임	もちきり
喪中	상중	もちゅう
目下	현재	もっか
もっともらしい	그럴듯하다	もっともらしい
もっぱら	주로, 오로지	もっぱら
持て余す	감당하지 못하다	もてあます
もてる	소유, 인기가 있다, 오래가다	もてる
もとより	처음부터, 물론	もとより
もどかしい	답답하다	もどかしい
物事	여러 가지 일	ものごと
もはや	이미	もはや
喪服	상복	もふく
模倣	모방	もほう
揉める	옥신각신하다	もめる
漏らす	새게 하다, 빠뜨리다	もらす
盛り込む	담다	もりこむ
脆い	부서지기 쉽다, 마음이 약하다	もろい
もろに	정면으로	もろに
役員	임원	やくいん
薬剤師	약사	やくざいし
躍進	약진	やくしん
役場	지방 관공서	やくば
焼け石に水	언 발에 오줌 누기	やけいしにみず
やけに	유난히	やけに
屋敷	저택	やしき
野心	야심	やしん
痩せ衰える	야위어 쇠약해지다	やせおとろえる
やたら	함부로, 몹시	やたら
厄介	성가시다	やっかい
やつれる	수척해지다	やつれる
野党	야당	やとう
病	병	やまい
闇	어둠, 암거래	やみ
やむを得ず	어쩔 수 없이	やむをえず
ややこしい	복잡하다	ややこしい
やり遂げる	끝까지 해내다	やりとげる
和らぐ	누그러지다	やわらぐ
和らげる	완화하다	やわらげる
やんわり	부드럽게	やんわり
由緒	유서	ゆいしょ
優位	우위	ゆうい
憂鬱	우울하다	ゆううつ
有益	유익하다	ゆうえき
優越	우월	ゆうえつ
優越感	우월감	ゆうえつかん
誘拐	유괴	ゆうかい
勇敢	용감하다	ゆうかん
優雅	우아하다, 여유롭다	ゆうが
有機	유기	ゆうき
有給休暇	유급휴가	ゆうきゅうきゅうか
友好	우호	ゆうこう
融合	융합	ゆうごう
融資	융자	ゆうし
優柔不断	우유부단하다	ゆうじゅうふだん
有数	손꼽히다	ゆうすう
融通	(돈을) 융통하다, 융통성	ゆうずう
優勢	우세하다	ゆうせい
優先	우선	ゆうせん
遊説	유세	ゆうぜい
雄大	웅대하다	ゆうだい
誘致	유치	ゆうち
悠長	느긋하다	ゆうちょう
誘導	유도	ゆうどう
優美	우아하다	ゆうび
有望	유망하다	ゆうぼう
夕闇	땅거미	ゆうやみ
憂慮	우려	ゆうりょ
有力	유력하다	ゆうりょく
幽霊	유령	ゆうれい
優劣	우열	ゆうれつ
誘惑	유혹	ゆうわく
故に	따라서	ゆえに
歪む	뒤틀리다	ゆがむ
行き交う	오가다	ゆきかう
行き違い	오해	ゆきちがい・いきちがい
行き詰まる	막다르다	ゆきづまる
行き届く	빈틈없이 잘 되어 있다	ゆきとどく
雪解け	눈이 녹음	ゆきどけ
揺さぶる	흔들다	ゆさぶる
茹でる	삶다	ゆでる
ゆとり	여유	ゆとり
由来	유래	ゆらい
揺らぐ	흔들리다	ゆらぐ
揺り籠	요람	ゆりかご
揺るがす	뒤흔들다	ゆるがす
緩む	느슨해지다	ゆるむ
緩める	느슨하게 하다, 완화하다, (속도를) 늦추다	ゆるめる
緩やか	완만하다, 느슨하다	ゆるやか
容易	용이하다	ようい
要因	요인	よういん
要旨	요지	ようし
様式	양식	ようしき
幼少期	어린 시절	ようしょうき
要する	요하다	ようする
要請	요청	ようせい
養成	양성	ようせい
様相	양상	ようそう
洋風	서양식	ようふう
要望	요망	ようぼう
余暇	여가	よか
余興	여흥	よきょう
抑制	억제	よくせい
欲深	욕심이 많다	よくふか
欲深い	욕심이 많다	よくふかい
欲望	욕망	よくぼう
避ける	피하다, 치우다	よける
予言	예언	よげん
横綱	요코즈나, 최고봉	よこづな
良し悪し	좋고 나쁨	よしあし
装う	치장하다, 가장하다	よそおう
よそよそしい	서먹서먹하다	よそよそしい
予断	예단	よだん
余地	여지	よち
余波	여파	よは
余白	여백	よはく
夜更かし	밤늦게까지 자지 않다	よふかし
よほど	상당히	よほど
予防接種	예방접종	よぼうせっしゅ
読み上げる	낭독하다	よみあげる
蘇る	되살아나다	よみがえる
余裕	여유	よゆう
余力	여력	よりょく
喜ばしい	기쁘다	よろこばしい
世論	여론	よろん
落胆	낙담	らくたん
酪農	낙농	らくのう
羅針盤	나침반	らしんばん
楽観	낙관	らっかん
楽観的	낙관적이다	らっかんてき
濫用	남용	らんよう
陸上	육상	りくじょう
利子	이자	りし
利潤	이윤	りじゅん
理性的	이성적이다	りせいてき
利息	이자	りそく
離着陸	이착륙	りちゃくりく
立候補	입후보	りっこうほ
立腹	화나다	りっぷく
立法	입법	りっぽう
立案	입안	りつあん
利点	이점	りてん
理不尽	불합리하다	りふじん
略奪	약탈	りゃくだつ
流儀	방식, 유파	りゅうぎ
流出	유출	りゅうしゅつ
粒状	알갱이 모양	りゅうじょう
寮	기숙사	りょう
領域	영역	りょういき
了解	이해하다	りょうかい
良好	양호하다	りょうこう
良識	양식	りょうしき
良質	양질이다	りょうしつ
了承	승낙하다	りょうしょう
両生類	양서류	りょうせいるい
両立	양립하다	りょうりつ
料理本	요리책	りょうりぼん
履歴	이력	りれき
隣接	인접	りんせつ
倫理	윤리	りんり
倫理的	윤리적이다	りんりてき
類	종류, 유례	るい
類似	유사	るいじ
類推	유추	るいすい
冷却	냉각	れいきゃく
冷遇	냉대	れいぐう
冷酷	냉혹하다	れいこく
冷淡	냉담하다	れいたん
例年	예년, 매년	れいねん
歴史上	역사상	れきしじょう
歴然	분명하다	れきぜん
劣等感	열등감	れっとうかん
恋愛小説	연애소설	れんあいしょうせつ
連携	연계	れんけい
連載	연재	れんさい
連日	연일	れんじつ
連中	무리	れんじゅう
連想	연상	れんそう
連帯	연대	れんたい
連動	연동	れんどう
連邦	연방	れんぽう
連盟	연맹	れんめい
老化	노화	ろうか
老朽化	노후화	ろうきゅうか
老人ホーム	양로원	ろうじんホーム
漏水	누수	ろうすい
老衰	노쇠	ろうすい
朗読	낭독	ろうどく
浪費	낭비	ろうひ
朗報	희소식	ろうほう
ろくに	(부정 표현과 함께) 제대로	ろくに
露骨	노골적이다	ろこつ
ロス	손실	ろす
論文	논문	ろんぶん
論理	논리	ろんり
賄賂	뇌물	わいろ
和解	화해	わかい
若手	젊은 사람	わかて
若者言葉	젊은이들의 유행어	わかものことば
和菓子	화과자	わがし
枠	틀, 한도	わく
惑星	행성, 다크호스	わくせい
枠内	범위 내	わくない
技	기술	わざ
わざと	일부러	わざと
わざわざ	일부러	わざわざ
患う	앓다	わずらう
詫び	사죄	わび
わびしい	처량하다	わびしい
詫びる	사과하다	わびる
喚く	고함치다	わめく
割り当て	할당	わりあて
割り当てる	할당하다	わりあてる
悪く言う	험담하다	わるくいう
悪口	험담	わるくち
アクシデント	돌발 사고	アクシデント
アクセル	액셀	アクセル
アトリエ	아틀리에	アトリエ
アプローチ	접근, 접근로	アプローチ
アポイント	면담 약속	アポイント
アマチュア	아마추어	アマチュア
アリバイ	알리바이	アリバイ
アルコール	알코올, 술	アルコール
アンコール	앙코르	アンコール
猪	멧돼지	イノシシ
インスピレーション	영감	インスピレーション
インターフォン	인터폰	インターフォン
インターンシップ	인턴십	インターンシップ
インテリ	지식인	インテリ
インフラ	인프라	インフラ
インフルエンサー	인플루언서	インフルエンサー
インフレ	인플레이션	インフレ
インプット	입력	インプット
ウイルス	바이러스	ウイルス
ウエイト	무게, 중점	ウエイト
エキスパート	전문가	エキスパート
エコ	친환경	エコ
エゴ	에고	エゴ
エリア	지역	エリア
エレガント	우아하다	エレガント
エール	성원	エール
オウム	앵무새	オウム
オノマトペ	흉내말	オノマトペ
オリエンテーション	오리엔테이션	オリエンテーション
オンライン	온라인	オンライン
オーダーメイドスーツ	맞춤 슈트	オーダーメイドスーツ
オートマチック	자동	オートマチック
カウンセリング	카운슬링	カウンセリング
カテゴリー	카테고리	カテゴリー
カメラワーク	카메라 워크	カメラワーク
カリキュラム	커리큘럼	カリキュラム
カルテ	진료 기록	カルテ
カンニング	커닝	カンニング
ガレージ	차고	ガレージ
キャッチ	캐치	キャッチ
キャッチボール	캐치볼	キャッチボール
キャパシティー	수용 능력	キャパシティー
キャラクター	캐릭터	キャラクター
キャリア	커리어	キャリア
キープ	킵	キープ
ギャップ	갭	ギャップ
クイズ	퀴즈	クイズ
クラスメイト	반 친구	クラスメイト
クレーム	클레임	クレーム
グルテン	글루텐	グルテン
グループディスカッション	집단 토의	グループディスカッション
グローバル	글로벌	グローバル
ケア	케어	ケア
コスト	비용	コスト
コメント	코멘트	コメント
コンスタント	꾸준하다	コンスタント
コンテンツ	콘텐츠	コンテンツ
コントラスト	대비	コントラスト
コントロール	컨트롤	コントロール
コンパクト	소형이다	コンパクト
コンパス	컴퍼스, 나침반	コンパス
サイクル	사이클	サイクル
サボテン	선인장	サボテン
サラマンダー	도롱뇽	サラマンダー
サービスエリア	고속도로 휴게소	サービスエリア
シェア	공유하다, 점유율	シェア
シチュエーション	상황	シチュエーション
シック	세련되다	シック
シナリオ	시나리오	シナリオ
シニア	시니어	シニア
シフト	시프트	シフト
シャチ	범고래	シャチ
シャンデリア	샹들리에	シャンデリア
シャープ	날카롭다, 올림표, 해시 기호	シャープ
ショー	쇼	ショー
シングルマザー	싱글맘	シングルマザー
ジャンプ	점프	ジャンプ
ジャンル	장르	ジャンル
ジレンマ	딜레마	ジレンマ
スケール	규모	スケール
スタジオ	스튜디오	スタジオ
ストック	재고, 비축하다	ストック
ストライキ	파업	ストライキ
ストロー	빨대	ストロー
スポット	장소	スポット
スマートフォン	스마트폰	スマートフォン
スローライフ	슬로 라이프	スローライフ
スーパーカー	슈퍼카	スーパーカー
セクション	섹션	セクション
セレモニー	의식	セレモニー
センサー	센서	センサー
センス	센스	センス
ソース	출처	ソース
タイト	타이트하다	タイト
タイマー	타이머	タイマー
タイム	시간	タイム
タブレット	태블릿, 정제	タブレット
タブー	금기	タブー
タレント	연예인	タレント
タワー	타워	タワー
ダウン	다운	ダウン
ダウンロード	다운로드	ダウンロード
ダブル	더블	ダブル
ダメージ	대미지	ダメージ
ダンプカー	덤프트럭	ダンプカー
チャイム	벨	チャイム
チョイス	선택	チョイス
チームワーク	팀워크	チームワーク
テレビコマーシャル	텔레비전 광고	テレビコマーシャル
デコレーション	장식	デコレーション
デジタル	디지털	デジタル
デビュー	데뷔	デビュー
デマ	유언비어	デマ
デモンストレーション	시위, 시범	デモンストレーション
デリケート	민감하다, 섬세하다	デリケート
データベース	데이터베이스	データベース
トラブル	문제	トラブル
トリックアート	트릭아트	トリックアート
トレンド	트렌드	トレンド
ドリル	드릴, 반복 연습	ドリル
ナイター	야간 경기	ナイター
ナチュラル	자연스럽다	ナチュラル
ナンセンス	넌센스	ナンセンス
ニュアンス	뉘앙스	ニュアンス
ネック	걸림돌	ネック
ノイローゼ	노이로제	ノイローゼ
ノウハウ	노하우	ノウハウ
ノシーボ効果	노시보 효과	ノシーボこうか
ノミネート	후보 지명	ノミネート
ノルマ	할당량	ノルマ
ハイブリッドカー	하이브리드 자동차	ハイブリッドカー
ハッカー	해커	ハッカー
ハンガー	옷걸이	ハンガー
ハードル	허들, 장애물	ハードル
ハーフ	절반, 혼혈인	ハーフ
バクテリア	박테리아	バクテリア
バックアップ	백업	バックアップ
バッジ	배지	バッジ
バッテリー	배터리	バッテリー
バリアフリー	배리어 프리	バリアフリー
パジャマ	파자마	パジャマ
パッケージ	패키지	パッケージ
パトカー	경찰차	パトカー
パートナー	파트너	パートナー
ヒーリング	힐링	ヒーリング
ビジネス	비즈니스	ビジネス
ピューマ	퓨마	ピューマ
ピント	초점	ピント
ファイト	투지, 파이팅	ファイト
ファイル	파일	ファイル
フィット	꼭 맞다	フィット
フィルター	필터	フィルター
フォロー	(SNS에서) 팔로우하다, 지원하다, 후속 조치하다	フォロー
フォーム	폼	フォーム
フットサル	풋살	フットサル
フロント	프런트 데스크	フロント
ブザー	버저	ブザー
ブランク	공백	ブランク
ブローカー	브로커	ブローカー
プライド	자존심	プライド
プライバシー	프라이버시	プライバシー
プラシーボ効果	플라세보 효과	プラシーボこうか
プレーヤー	플레이어	プレーヤー
蛇	뱀	ヘビ
ベストセラー	베스트셀러	ベストセラー
ベース	베이스	ベース
ペース	페이스	ペース
蛍	반딧불이	ホタル
ホームシック	향수병	ホームシック
ホール	홀	ホール
ボイコット	보이콧	ボイコット
ポジション	포지션	ポジション
ポップス	팝송	ポップス
ポテンシャル	잠재력	ポテンシャル
マイノリティー	소수 집단	マイノリティー
マッサージ	마사지	マッサージ
マニュアル	매뉴얼, 수동 변속	マニュアル
マンネリ	매너리즘	マンネリ
マーク	마크, (사람을) 마크하다	マーク
ミスショット	미스 샷	ミスショット
ムード	분위기	ムード
メカニズム	메커니즘	メカニズム
メディア	미디어	メディア
メロディー	멜로디	メロディー
メーカー	제조업체	メーカー
モニター	모니터	モニター
モラル	도덕	モラル
ライバル	라이벌	ライバル
ライフワークバランス	일과 삶의 균형	ライフワークバランス
ラフ	거칠다, 캐주얼하다, 초안	ラフ
ラベル	라벨	ラベル
リアリティー	현실감	リアリティー
リクエスト	요청	リクエスト
リクルートスーツ	구직용 정장	リクルートスーツ
リスク	위험	リスク
リストアップ	목록 작성	リストアップ
リセット	리셋	リセット
リタイア	퇴직하다, (경기에서) 기권하다	リタイア
リーズナブル	가격이 합리적이다	リーズナブル
リード	주도, 앞서다, 목줄	リード
ルーズ	느슨하다, 헐렁하다	ルーズ
レイアウト	레이아웃	レイアウト
レジャーシート	돗자리	レジャーシート
レバー	간, 레버	レバー
レンタカー	렌터카	レンタカー
レントゲン	엑스레이	レントゲン
レース	경주, 레이스	レース
レート	비율, 평점	レート
ログハウス	통나무집	ログハウス
ロケ	로케이션 촬영	ロケ
ロケット	로켓	ロケット
ロマン	낭만	ロマン
ロマンチック	로맨틱하다	ロマンチック
ロープウェイ	케이블카	ロープウェイ
ローン	대출	ローン
ワクチン	백신	ワクチン
～上	(관점이나 범위) ~상	～じょう
～派	~파	～は
